,dataset,pos_aa,n_mut
0,1.4 weeks.subj_3,28.0,411
1,1.4 weeks.subj_3,29.0,833
2,1.4 weeks.subj_3,30.0,325
3,1.4 weeks.subj_3,31.0,229
4,1.4 weeks.subj_3,34.0,144
5,1.4 weeks.subj_3,35.0,1175
6,1.4 weeks.subj_3,36.0,2076
7,1.4 weeks.subj_3,37.0,802
8,1.4 weeks.subj_3,38.0,735
9,1.4 weeks.subj_3,39.0,449
10,1.4 weeks.subj_3,40.0,999
11,1.4 weeks.subj_3,41.0,16
12,1.4 weeks.subj_3,42.0,172
13,1.4 weeks.subj_3,43.0,10
14,1.4 weeks.subj_3,44.0,71
15,1.4 weeks.subj_3,45.0,402
16,1.4 weeks.subj_3,46.0,61
17,1.4 weeks.subj_3,47.0,54
18,1.4 weeks.subj_3,48.0,227
19,1.4 weeks.subj_3,49.0,104
20,1.4 weeks.subj_3,50.0,102
21,1.4 weeks.subj_3,51.0,120
22,1.4 weeks.subj_3,52.0,144
23,1.4 weeks.subj_3,53.0,292
24,1.4 weeks.subj_3,54.0,208
25,1.4 weeks.subj_3,55.0,943
26,1.4 weeks.subj_3,56.0,523
27,1.4 weeks.subj_3,57.0,880
28,1.4 weeks.subj_3,58.0,1184
29,1.4 weeks.subj_3,59.0,884
30,1.4 weeks.subj_3,60.0,113
31,1.4 weeks.subj_3,61.0,69
32,1.4 weeks.subj_3,62.0,390
33,1.4 weeks.subj_3,63.0,893
34,1.4 weeks.subj_3,64.0,1538
35,1.4 weeks.subj_3,65.0,762
36,1.4 weeks.subj_3,66.0,1132
37,1.4 weeks.subj_3,67.0,280
38,1.4 weeks.subj_3,68.0,436
39,1.4 weeks.subj_3,69.0,336
40,1.4 weeks.subj_3,70.0,262
41,1.4 weeks.subj_3,71.0,230
42,1.4 weeks.subj_3,72.0,575
43,1.4 weeks.subj_3,73.0,10
44,1.4 weeks.subj_3,74.0,207
45,1.4 weeks.subj_3,75.0,34
46,1.4 weeks.subj_3,76.0,213
47,1.4 weeks.subj_3,77.0,364
48,1.4 weeks.subj_3,78.0,469
49,1.4 weeks.subj_3,79.0,122
50,1.4 weeks.subj_3,80.0,492
51,1.4 weeks.subj_3,81.0,87
52,1.4 weeks.subj_3,82.0,375
53,1.4 weeks.subj_3,83.0,192
54,1.4 weeks.subj_3,84.0,509
55,1.4 weeks.subj_3,85.0,623
56,1.4 weeks.subj_3,86.0,321
57,1.4 weeks.subj_3,87.0,496
58,1.4 weeks.subj_3,88.0,405
59,1.4 weeks.subj_3,89.0,79
60,1.4 weeks.subj_3,90.0,511
61,1.4 weeks.subj_3,91.0,209
62,1.4 weeks.subj_3,92.0,863
63,1.4 weeks.subj_3,93.0,323
64,1.4 weeks.subj_3,94.0,98
65,1.4 weeks.subj_3,95.0,400
66,1.4 weeks.subj_3,96.0,604
67,1.4 weeks.subj_3,97.0,300
68,1.4 weeks.subj_3,98.0,20
69,1.4 weeks.subj_3,99.0,99
70,1.4 weeks.subj_3,100.0,99
71,1.4 weeks.subj_3,101.0,752
72,1.4 weeks.subj_3,102.0,43
73,1.4 weeks.subj_3,103.0,350
74,1.4 weeks.subj_3,104.0,11
75,1.4 weeks.subj_4,28.0,332
76,1.4 weeks.subj_4,29.0,489
77,1.4 weeks.subj_4,30.0,228
78,1.4 weeks.subj_4,31.0,147
79,1.4 weeks.subj_4,34.0,120
80,1.4 weeks.subj_4,35.0,805
81,1.4 weeks.subj_4,36.0,1513
82,1.4 weeks.subj_4,37.0,616
83,1.4 weeks.subj_4,38.0,642
84,1.4 weeks.subj_4,39.0,432
85,1.4 weeks.subj_4,40.0,732
86,1.4 weeks.subj_4,41.0,21
87,1.4 weeks.subj_4,42.0,147
88,1.4 weeks.subj_4,43.0,7
89,1.4 weeks.subj_4,44.0,49
90,1.4 weeks.subj_4,45.0,291
91,1.4 weeks.subj_4,46.0,53
92,1.4 weeks.subj_4,47.0,49
93,1.4 weeks.subj_4,48.0,144
94,1.4 weeks.subj_4,49.0,61
95,1.4 weeks.subj_4,50.0,88
96,1.4 weeks.subj_4,51.0,92
97,1.4 weeks.subj_4,52.0,85
98,1.4 weeks.subj_4,53.0,173
99,1.4 weeks.subj_4,54.0,138
100,1.4 weeks.subj_4,55.0,595
101,1.4 weeks.subj_4,56.0,348
102,1.4 weeks.subj_4,57.0,591
103,1.4 weeks.subj_4,58.0,795
104,1.4 weeks.subj_4,59.0,667
105,1.4 weeks.subj_4,60.0,60
106,1.4 weeks.subj_4,61.0,48
107,1.4 weeks.subj_4,62.0,302
108,1.4 weeks.subj_4,63.0,546
109,1.4 weeks.subj_4,64.0,1137
110,1.4 weeks.subj_4,65.0,485
111,1.4 weeks.subj_4,66.0,948
112,1.4 weeks.subj_4,67.0,185
113,1.4 weeks.subj_4,68.0,340
114,1.4 weeks.subj_4,69.0,218
115,1.4 weeks.subj_4,70.0,176
116,1.4 weeks.subj_4,71.0,174
117,1.4 weeks.subj_4,72.0,385
118,1.4 weeks.subj_4,73.0,11
119,1.4 weeks.subj_4,74.0,165
120,1.4 weeks.subj_4,75.0,33
121,1.4 weeks.subj_4,76.0,179
122,1.4 weeks.subj_4,77.0,263
123,1.4 weeks.subj_4,78.0,316
124,1.4 weeks.subj_4,79.0,89
125,1.4 weeks.subj_4,80.0,370
126,1.4 weeks.subj_4,81.0,75
127,1.4 weeks.subj_4,82.0,245
128,1.4 weeks.subj_4,83.0,158
129,1.4 weeks.subj_4,84.0,405
130,1.4 weeks.subj_4,85.0,455
131,1.4 weeks.subj_4,86.0,203
132,1.4 weeks.subj_4,87.0,341
133,1.4 weeks.subj_4,88.0,246
134,1.4 weeks.subj_4,89.0,68
135,1.4 weeks.subj_4,90.0,433
136,1.4 weeks.subj_4,91.0,158
137,1.4 weeks.subj_4,92.0,683
138,1.4 weeks.subj_4,93.0,302
139,1.4 weeks.subj_4,94.0,63
140,1.4 weeks.subj_4,95.0,332
141,1.4 weeks.subj_4,96.0,385
142,1.4 weeks.subj_4,97.0,224
143,1.4 weeks.subj_4,98.0,10
144,1.4 weeks.subj_4,99.0,87
145,1.4 weeks.subj_4,100.0,73
146,1.4 weeks.subj_4,101.0,608
147,1.4 weeks.subj_4,102.0,39
148,1.4 weeks.subj_4,103.0,234
149,1.4 weeks.subj_4,104.0,3
150,1.4 weeks.subj_5,28.0,570
151,1.4 weeks.subj_5,29.0,877
152,1.4 weeks.subj_5,30.0,421
153,1.4 weeks.subj_5,31.0,252
154,1.4 weeks.subj_5,33.0,2
155,1.4 weeks.subj_5,34.0,203
156,1.4 weeks.subj_5,35.0,1305
157,1.4 weeks.subj_5,36.0,2559
158,1.4 weeks.subj_5,37.0,987
159,1.4 weeks.subj_5,38.0,1010
160,1.4 weeks.subj_5,39.0,601
161,1.4 weeks.subj_5,40.0,1220
162,1.4 weeks.subj_5,41.0,19
163,1.4 weeks.subj_5,42.0,244
164,1.4 weeks.subj_5,43.0,9
165,1.4 weeks.subj_5,44.0,74
166,1.4 weeks.subj_5,45.0,467
167,1.4 weeks.subj_5,46.0,108
168,1.4 weeks.subj_5,47.0,77
169,1.4 weeks.subj_5,48.0,311
170,1.4 weeks.subj_5,49.0,137
171,1.4 weeks.subj_5,50.0,111
172,1.4 weeks.subj_5,51.0,137
173,1.4 weeks.subj_5,52.0,147
174,1.4 weeks.subj_5,53.0,303
175,1.4 weeks.subj_5,54.0,263
176,1.4 weeks.subj_5,55.0,1139
177,1.4 weeks.subj_5,56.0,611
178,1.4 weeks.subj_5,57.0,1032
179,1.4 weeks.subj_5,58.0,1412
180,1.4 weeks.subj_5,59.0,1193
181,1.4 weeks.subj_5,60.0,127
182,1.4 weeks.subj_5,61.0,73
183,1.4 weeks.subj_5,62.0,555
184,1.4 weeks.subj_5,63.0,949
185,1.4 weeks.subj_5,64.0,1849
186,1.4 weeks.subj_5,65.0,967
187,1.4 weeks.subj_5,66.0,1413
188,1.4 weeks.subj_5,67.0,349
189,1.4 weeks.subj_5,68.0,588
190,1.4 weeks.subj_5,69.0,374
191,1.4 weeks.subj_5,70.0,369
192,1.4 weeks.subj_5,71.0,268
193,1.4 weeks.subj_5,72.0,720
194,1.4 weeks.subj_5,73.0,15
195,1.4 weeks.subj_5,74.0,272
196,1.4 weeks.subj_5,75.0,54
197,1.4 weeks.subj_5,76.0,325
198,1.4 weeks.subj_5,77.0,470
199,1.4 weeks.subj_5,78.0,589
200,1.4 weeks.subj_5,79.0,192
201,1.4 weeks.subj_5,80.0,633
202,1.4 weeks.subj_5,81.0,142
203,1.4 weeks.subj_5,82.0,455
204,1.4 weeks.subj_5,83.0,244
205,1.4 weeks.subj_5,84.0,670
206,1.4 weeks.subj_5,85.0,825
207,1.4 weeks.subj_5,86.0,397
208,1.4 weeks.subj_5,87.0,576
209,1.4 weeks.subj_5,88.0,502
210,1.4 weeks.subj_5,89.0,100
211,1.4 weeks.subj_5,90.0,737
212,1.4 weeks.subj_5,91.0,291
213,1.4 weeks.subj_5,92.0,1171
214,1.4 weeks.subj_5,93.0,477
215,1.4 weeks.subj_5,94.0,120
216,1.4 weeks.subj_5,95.0,503
217,1.4 weeks.subj_5,96.0,726
218,1.4 weeks.subj_5,97.0,318
219,1.4 weeks.subj_5,98.0,12
220,1.4 weeks.subj_5,99.0,131
221,1.4 weeks.subj_5,100.0,133
222,1.4 weeks.subj_5,101.0,1010
223,1.4 weeks.subj_5,102.0,58
224,1.4 weeks.subj_5,103.0,425
225,1.4 weeks.subj_5,104.0,13
226,1.4 weeks.subj_6,28.0,211
227,1.4 weeks.subj_6,29.0,320
228,1.4 weeks.subj_6,30.0,154
229,1.4 weeks.subj_6,31.0,91
230,1.4 weeks.subj_6,34.0,93
231,1.4 weeks.subj_6,35.0,563
232,1.4 weeks.subj_6,36.0,947
233,1.4 weeks.subj_6,37.0,377
234,1.4 weeks.subj_6,38.0,383
235,1.4 weeks.subj_6,39.0,230
236,1.4 weeks.subj_6,40.0,411
237,1.4 weeks.subj_6,41.0,8
238,1.4 weeks.subj_6,42.0,114
239,1.4 weeks.subj_6,43.0,8
240,1.4 weeks.subj_6,44.0,41
241,1.4 weeks.subj_6,45.0,206
242,1.4 weeks.subj_6,46.0,34
243,1.4 weeks.subj_6,47.0,53
244,1.4 weeks.subj_6,48.0,129
245,1.4 weeks.subj_6,49.0,58
246,1.4 weeks.subj_6,50.0,73
247,1.4 weeks.subj_6,51.0,49
248,1.4 weeks.subj_6,52.0,37
249,1.4 weeks.subj_6,53.0,142
250,1.4 weeks.subj_6,54.0,125
251,1.4 weeks.subj_6,55.0,409
252,1.4 weeks.subj_6,56.0,266
253,1.4 weeks.subj_6,57.0,441
254,1.4 weeks.subj_6,58.0,556
255,1.4 weeks.subj_6,59.0,491
256,1.4 weeks.subj_6,60.0,30
257,1.4 weeks.subj_6,61.0,20
258,1.4 weeks.subj_6,62.0,231
259,1.4 weeks.subj_6,63.0,350
260,1.4 weeks.subj_6,64.0,751
261,1.4 weeks.subj_6,65.0,360
262,1.4 weeks.subj_6,66.0,584
263,1.4 weeks.subj_6,67.0,180
264,1.4 weeks.subj_6,68.0,235
265,1.4 weeks.subj_6,69.0,151
266,1.4 weeks.subj_6,70.0,191
267,1.4 weeks.subj_6,71.0,109
268,1.4 weeks.subj_6,72.0,319
269,1.4 weeks.subj_6,73.0,10
270,1.4 weeks.subj_6,74.0,163
271,1.4 weeks.subj_6,75.0,23
272,1.4 weeks.subj_6,76.0,134
273,1.4 weeks.subj_6,77.0,211
274,1.4 weeks.subj_6,78.0,274
275,1.4 weeks.subj_6,79.0,77
276,1.4 weeks.subj_6,80.0,264
277,1.4 weeks.subj_6,81.0,60
278,1.4 weeks.subj_6,82.0,192
279,1.4 weeks.subj_6,83.0,103
280,1.4 weeks.subj_6,84.0,289
281,1.4 weeks.subj_6,85.0,311
282,1.4 weeks.subj_6,86.0,166
283,1.4 weeks.subj_6,87.0,252
284,1.4 weeks.subj_6,88.0,186
285,1.4 weeks.subj_6,89.0,51
286,1.4 weeks.subj_6,90.0,333
287,1.4 weeks.subj_6,91.0,134
288,1.4 weeks.subj_6,92.0,535
289,1.4 weeks.subj_6,93.0,192
290,1.4 weeks.subj_6,94.0,73
291,1.4 weeks.subj_6,95.0,222
292,1.4 weeks.subj_6,96.0,273
293,1.4 weeks.subj_6,97.0,133
294,1.4 weeks.subj_6,98.0,4
295,1.4 weeks.subj_6,99.0,77
296,1.4 weeks.subj_6,100.0,54
297,1.4 weeks.subj_6,101.0,451
298,1.4 weeks.subj_6,102.0,27
299,1.4 weeks.subj_6,103.0,212
300,1.4 weeks.subj_6,104.0,5
301,1.4 weeks.subj_7,28.0,479
302,1.4 weeks.subj_7,29.0,721
303,1.4 weeks.subj_7,30.0,537
304,1.4 weeks.subj_7,31.0,159
305,1.4 weeks.subj_7,34.0,141
306,1.4 weeks.subj_7,35.0,1074
307,1.4 weeks.subj_7,36.0,2043
308,1.4 weeks.subj_7,37.0,991
309,1.4 weeks.subj_7,38.0,1344
310,1.4 weeks.subj_7,39.0,645
311,1.4 weeks.subj_7,40.0,1275
312,1.4 weeks.subj_7,41.0,61
313,1.4 weeks.subj_7,42.0,324
314,1.4 weeks.subj_7,43.0,26
315,1.4 weeks.subj_7,44.0,105
316,1.4 weeks.subj_7,45.0,245
317,1.4 weeks.subj_7,46.0,213
318,1.4 weeks.subj_7,47.0,72
319,1.4 weeks.subj_7,48.0,308
320,1.4 weeks.subj_7,49.0,149
321,1.4 weeks.subj_7,50.0,110
322,1.4 weeks.subj_7,51.0,180
323,1.4 weeks.subj_7,52.0,133
324,1.4 weeks.subj_7,53.0,251
325,1.4 weeks.subj_7,54.0,170
326,1.4 weeks.subj_7,55.0,965
327,1.4 weeks.subj_7,56.0,516
328,1.4 weeks.subj_7,57.0,773
329,1.4 weeks.subj_7,58.0,1115
330,1.4 weeks.subj_7,59.0,602
331,1.4 weeks.subj_7,60.0,46
332,1.4 weeks.subj_7,61.0,28
333,1.4 weeks.subj_7,62.0,250
334,1.4 weeks.subj_7,63.0,568
335,1.4 weeks.subj_7,64.0,1209
336,1.4 weeks.subj_7,65.0,430
337,1.4 weeks.subj_7,66.0,974
338,1.4 weeks.subj_7,67.0,218
339,1.4 weeks.subj_7,68.0,341
340,1.4 weeks.subj_7,69.0,164
341,1.4 weeks.subj_7,70.0,308
342,1.4 weeks.subj_7,71.0,219
343,1.4 weeks.subj_7,72.0,456
344,1.4 weeks.subj_7,73.0,2
345,1.4 weeks.subj_7,74.0,93
346,1.4 weeks.subj_7,75.0,51
347,1.4 weeks.subj_7,76.0,220
348,1.4 weeks.subj_7,77.0,305
349,1.4 weeks.subj_7,78.0,488
350,1.4 weeks.subj_7,79.0,162
351,1.4 weeks.subj_7,80.0,417
352,1.4 weeks.subj_7,81.0,115
353,1.4 weeks.subj_7,82.0,308
354,1.4 weeks.subj_7,83.0,152
355,1.4 weeks.subj_7,84.0,444
356,1.4 weeks.subj_7,85.0,491
357,1.4 weeks.subj_7,86.0,232
358,1.4 weeks.subj_7,87.0,364
359,1.4 weeks.subj_7,88.0,284
360,1.4 weeks.subj_7,89.0,103
361,1.4 weeks.subj_7,90.0,454
362,1.4 weeks.subj_7,91.0,200
363,1.4 weeks.subj_7,92.0,616
364,1.4 weeks.subj_7,93.0,275
365,1.4 weeks.subj_7,94.0,96
366,1.4 weeks.subj_7,95.0,223
367,1.4 weeks.subj_7,96.0,297
368,1.4 weeks.subj_7,97.0,210
369,1.4 weeks.subj_7,98.0,77
370,1.4 weeks.subj_7,99.0,84
371,1.4 weeks.subj_7,100.0,59
372,1.4 weeks.subj_7,101.0,462
373,1.4 weeks.subj_7,102.0,58
374,1.4 weeks.subj_7,103.0,188
375,1.4 weeks.subj_7,104.0,38
376,1.sn.subj_3,28.0,299
377,1.sn.subj_3,29.0,466
378,1.sn.subj_3,30.0,224
379,1.sn.subj_3,31.0,167
380,1.sn.subj_3,34.0,102
381,1.sn.subj_3,35.0,770
382,1.sn.subj_3,36.0,1389
383,1.sn.subj_3,37.0,552
384,1.sn.subj_3,38.0,524
385,1.sn.subj_3,39.0,314
386,1.sn.subj_3,40.0,607
387,1.sn.subj_3,41.0,10
388,1.sn.subj_3,42.0,140
389,1.sn.subj_3,43.0,7
390,1.sn.subj_3,44.0,50
391,1.sn.subj_3,45.0,302
392,1.sn.subj_3,46.0,51
393,1.sn.subj_3,47.0,44
394,1.sn.subj_3,48.0,180
395,1.sn.subj_3,49.0,72
396,1.sn.subj_3,50.0,50
397,1.sn.subj_3,51.0,93
398,1.sn.subj_3,52.0,84
399,1.sn.subj_3,53.0,201
400,1.sn.subj_3,54.0,133
401,1.sn.subj_3,55.0,574
402,1.sn.subj_3,56.0,374
403,1.sn.subj_3,57.0,575
404,1.sn.subj_3,58.0,757
405,1.sn.subj_3,59.0,720
406,1.sn.subj_3,60.0,45
407,1.sn.subj_3,61.0,35
408,1.sn.subj_3,62.0,286
409,1.sn.subj_3,63.0,559
410,1.sn.subj_3,64.0,1052
411,1.sn.subj_3,65.0,490
412,1.sn.subj_3,66.0,841
413,1.sn.subj_3,67.0,199
414,1.sn.subj_3,68.0,345
415,1.sn.subj_3,69.0,248
416,1.sn.subj_3,70.0,211
417,1.sn.subj_3,71.0,157
418,1.sn.subj_3,72.0,411
419,1.sn.subj_3,73.0,13
420,1.sn.subj_3,74.0,168
421,1.sn.subj_3,75.0,35
422,1.sn.subj_3,76.0,165
423,1.sn.subj_3,77.0,265
424,1.sn.subj_3,78.0,347
425,1.sn.subj_3,79.0,97
426,1.sn.subj_3,80.0,394
427,1.sn.subj_3,81.0,76
428,1.sn.subj_3,82.0,317
429,1.sn.subj_3,83.0,118
430,1.sn.subj_3,84.0,359
431,1.sn.subj_3,85.0,476
432,1.sn.subj_3,86.0,206
433,1.sn.subj_3,87.0,385
434,1.sn.subj_3,88.0,246
435,1.sn.subj_3,89.0,50
436,1.sn.subj_3,90.0,404
437,1.sn.subj_3,91.0,153
438,1.sn.subj_3,92.0,629
439,1.sn.subj_3,93.0,244
440,1.sn.subj_3,94.0,91
441,1.sn.subj_3,95.0,316
442,1.sn.subj_3,96.0,349
443,1.sn.subj_3,97.0,247
444,1.sn.subj_3,98.0,9
445,1.sn.subj_3,99.0,93
446,1.sn.subj_3,100.0,74
447,1.sn.subj_3,101.0,637
448,1.sn.subj_3,102.0,20
449,1.sn.subj_3,103.0,261
450,1.sn.subj_3,104.0,3
451,1.sn.subj_4,28.0,862
452,1.sn.subj_4,29.0,1391
453,1.sn.subj_4,30.0,703
454,1.sn.subj_4,31.0,296
455,1.sn.subj_4,33.0,5
456,1.sn.subj_4,34.0,291
457,1.sn.subj_4,35.0,2096
458,1.sn.subj_4,36.0,4005
459,1.sn.subj_4,37.0,1616
460,1.sn.subj_4,38.0,2020
461,1.sn.subj_4,39.0,1035
462,1.sn.subj_4,40.0,2088
463,1.sn.subj_4,41.0,72
464,1.sn.subj_4,42.0,413
465,1.sn.subj_4,43.0,19
466,1.sn.subj_4,44.0,163
467,1.sn.subj_4,45.0,663
468,1.sn.subj_4,46.0,167
469,1.sn.subj_4,47.0,145
470,1.sn.subj_4,48.0,360
471,1.sn.subj_4,49.0,162
472,1.sn.subj_4,50.0,166
473,1.sn.subj_4,51.0,195
474,1.sn.subj_4,52.0,273
475,1.sn.subj_4,53.0,448
476,1.sn.subj_4,54.0,387
477,1.sn.subj_4,55.0,1513
478,1.sn.subj_4,56.0,805
479,1.sn.subj_4,57.0,1448
480,1.sn.subj_4,58.0,1949
481,1.sn.subj_4,59.0,1803
482,1.sn.subj_4,60.0,167
483,1.sn.subj_4,61.0,109
484,1.sn.subj_4,62.0,747
485,1.sn.subj_4,63.0,1369
486,1.sn.subj_4,64.0,2700
487,1.sn.subj_4,65.0,1319
488,1.sn.subj_4,66.0,2177
489,1.sn.subj_4,67.0,528
490,1.sn.subj_4,68.0,798
491,1.sn.subj_4,69.0,614
492,1.sn.subj_4,70.0,562
493,1.sn.subj_4,71.0,390
494,1.sn.subj_4,72.0,992
495,1.sn.subj_4,73.0,15
496,1.sn.subj_4,74.0,375
497,1.sn.subj_4,75.0,81
498,1.sn.subj_4,76.0,478
499,1.sn.subj_4,77.0,670
500,1.sn.subj_4,78.0,776
501,1.sn.subj_4,79.0,211
502,1.sn.subj_4,80.0,784
503,1.sn.subj_4,81.0,210
504,1.sn.subj_4,82.0,656
505,1.sn.subj_4,83.0,324
506,1.sn.subj_4,84.0,906
507,1.sn.subj_4,85.0,1153
508,1.sn.subj_4,86.0,449
509,1.sn.subj_4,87.0,833
510,1.sn.subj_4,88.0,558
511,1.sn.subj_4,89.0,148
512,1.sn.subj_4,90.0,985
513,1.sn.subj_4,91.0,390
514,1.sn.subj_4,92.0,1611
515,1.sn.subj_4,93.0,651
516,1.sn.subj_4,94.0,157
517,1.sn.subj_4,95.0,725
518,1.sn.subj_4,96.0,855
519,1.sn.subj_4,97.0,509
520,1.sn.subj_4,98.0,36
521,1.sn.subj_4,99.0,180
522,1.sn.subj_4,100.0,150
523,1.sn.subj_4,101.0,1300
524,1.sn.subj_4,102.0,66
525,1.sn.subj_4,103.0,444
526,1.sn.subj_4,104.0,26
527,1.sn.subj_5,28.0,365
528,1.sn.subj_5,29.0,519
529,1.sn.subj_5,30.0,259
530,1.sn.subj_5,31.0,148
531,1.sn.subj_5,34.0,135
532,1.sn.subj_5,35.0,799
533,1.sn.subj_5,36.0,1481
534,1.sn.subj_5,37.0,623
535,1.sn.subj_5,38.0,611
536,1.sn.subj_5,39.0,380
537,1.sn.subj_5,40.0,774
538,1.sn.subj_5,41.0,15
539,1.sn.subj_5,42.0,147
540,1.sn.subj_5,43.0,8
541,1.sn.subj_5,44.0,57
542,1.sn.subj_5,45.0,286
543,1.sn.subj_5,46.0,67
544,1.sn.subj_5,47.0,47
545,1.sn.subj_5,48.0,184
546,1.sn.subj_5,49.0,80
547,1.sn.subj_5,50.0,82
548,1.sn.subj_5,51.0,89
549,1.sn.subj_5,52.0,98
550,1.sn.subj_5,53.0,161
551,1.sn.subj_5,54.0,160
552,1.sn.subj_5,55.0,699
553,1.sn.subj_5,56.0,350
554,1.sn.subj_5,57.0,609
555,1.sn.subj_5,58.0,836
556,1.sn.subj_5,59.0,692
557,1.sn.subj_5,60.0,79
558,1.sn.subj_5,61.0,48
559,1.sn.subj_5,62.0,314
560,1.sn.subj_5,63.0,495
561,1.sn.subj_5,64.0,1033
562,1.sn.subj_5,65.0,601
563,1.sn.subj_5,66.0,901
564,1.sn.subj_5,67.0,238
565,1.sn.subj_5,68.0,335
566,1.sn.subj_5,69.0,226
567,1.sn.subj_5,70.0,247
568,1.sn.subj_5,71.0,185
569,1.sn.subj_5,72.0,446
570,1.sn.subj_5,73.0,14
571,1.sn.subj_5,74.0,155
572,1.sn.subj_5,75.0,40
573,1.sn.subj_5,76.0,198
574,1.sn.subj_5,77.0,290
575,1.sn.subj_5,78.0,363
576,1.sn.subj_5,79.0,111
577,1.sn.subj_5,80.0,338
578,1.sn.subj_5,81.0,86
579,1.sn.subj_5,82.0,301
580,1.sn.subj_5,83.0,137
581,1.sn.subj_5,84.0,368
582,1.sn.subj_5,85.0,494
583,1.sn.subj_5,86.0,219
584,1.sn.subj_5,87.0,354
585,1.sn.subj_5,88.0,292
586,1.sn.subj_5,89.0,53
587,1.sn.subj_5,90.0,415
588,1.sn.subj_5,91.0,194
589,1.sn.subj_5,92.0,706
590,1.sn.subj_5,93.0,270
591,1.sn.subj_5,94.0,78
592,1.sn.subj_5,95.0,284
593,1.sn.subj_5,96.0,410
594,1.sn.subj_5,97.0,185
595,1.sn.subj_5,98.0,10
596,1.sn.subj_5,99.0,88
597,1.sn.subj_5,100.0,77
598,1.sn.subj_5,101.0,683
599,1.sn.subj_5,102.0,43
600,1.sn.subj_5,103.0,233
601,1.sn.subj_5,104.0,3
602,1.sn.subj_6,28.0,259
603,1.sn.subj_6,29.0,410
604,1.sn.subj_6,30.0,188
605,1.sn.subj_6,31.0,121
606,1.sn.subj_6,34.0,96
607,1.sn.subj_6,35.0,624
608,1.sn.subj_6,36.0,1165
609,1.sn.subj_6,37.0,337
610,1.sn.subj_6,38.0,505
611,1.sn.subj_6,39.0,319
612,1.sn.subj_6,40.0,622
613,1.sn.subj_6,41.0,10
614,1.sn.subj_6,42.0,127
615,1.sn.subj_6,43.0,3
616,1.sn.subj_6,44.0,37
617,1.sn.subj_6,45.0,221
618,1.sn.subj_6,46.0,58
619,1.sn.subj_6,47.0,42
620,1.sn.subj_6,48.0,127
621,1.sn.subj_6,49.0,40
622,1.sn.subj_6,50.0,35
623,1.sn.subj_6,51.0,54
624,1.sn.subj_6,52.0,60
625,1.sn.subj_6,53.0,133
626,1.sn.subj_6,54.0,119
627,1.sn.subj_6,55.0,478
628,1.sn.subj_6,56.0,284
629,1.sn.subj_6,57.0,413
630,1.sn.subj_6,58.0,617
631,1.sn.subj_6,59.0,463
632,1.sn.subj_6,60.0,54
633,1.sn.subj_6,61.0,27
634,1.sn.subj_6,62.0,215
635,1.sn.subj_6,63.0,442
636,1.sn.subj_6,64.0,772
637,1.sn.subj_6,65.0,391
638,1.sn.subj_6,66.0,604
639,1.sn.subj_6,67.0,168
640,1.sn.subj_6,68.0,233
641,1.sn.subj_6,69.0,153
642,1.sn.subj_6,70.0,144
643,1.sn.subj_6,71.0,149
644,1.sn.subj_6,72.0,319
645,1.sn.subj_6,73.0,13
646,1.sn.subj_6,74.0,108
647,1.sn.subj_6,75.0,29
648,1.sn.subj_6,76.0,179
649,1.sn.subj_6,77.0,225
650,1.sn.subj_6,78.0,277
651,1.sn.subj_6,79.0,50
652,1.sn.subj_6,80.0,269
653,1.sn.subj_6,81.0,48
654,1.sn.subj_6,82.0,156
655,1.sn.subj_6,83.0,119
656,1.sn.subj_6,84.0,253
657,1.sn.subj_6,85.0,349
658,1.sn.subj_6,86.0,138
659,1.sn.subj_6,87.0,232
660,1.sn.subj_6,88.0,177
661,1.sn.subj_6,89.0,55
662,1.sn.subj_6,90.0,313
663,1.sn.subj_6,91.0,129
664,1.sn.subj_6,92.0,554
665,1.sn.subj_6,93.0,215
666,1.sn.subj_6,94.0,61
667,1.sn.subj_6,95.0,160
668,1.sn.subj_6,96.0,293
669,1.sn.subj_6,97.0,131
670,1.sn.subj_6,98.0,9
671,1.sn.subj_6,99.0,47
672,1.sn.subj_6,100.0,35
673,1.sn.subj_6,101.0,436
674,1.sn.subj_6,102.0,18
675,1.sn.subj_6,103.0,157
676,1.sn.subj_6,104.0,3
677,1.sn.subj_7,28.0,40
678,1.sn.subj_7,29.0,70
679,1.sn.subj_7,30.0,29
680,1.sn.subj_7,31.0,20
681,1.sn.subj_7,34.0,11
682,1.sn.subj_7,35.0,129
683,1.sn.subj_7,36.0,278
684,1.sn.subj_7,37.0,96
685,1.sn.subj_7,38.0,112
686,1.sn.subj_7,39.0,86
687,1.sn.subj_7,40.0,123
688,1.sn.subj_7,41.0,2
689,1.sn.subj_7,42.0,16
690,1.sn.subj_7,43.0,1
691,1.sn.subj_7,44.0,6
692,1.sn.subj_7,45.0,30
693,1.sn.subj_7,46.0,18
694,1.sn.subj_7,47.0,11
695,1.sn.subj_7,48.0,22
696,1.sn.subj_7,49.0,5
697,1.sn.subj_7,50.0,6
698,1.sn.subj_7,51.0,9
699,1.sn.subj_7,52.0,15
700,1.sn.subj_7,53.0,34
701,1.sn.subj_7,54.0,32
702,1.sn.subj_7,55.0,103
703,1.sn.subj_7,56.0,60
704,1.sn.subj_7,57.0,91
705,1.sn.subj_7,58.0,124
706,1.sn.subj_7,59.0,108
707,1.sn.subj_7,60.0,8
708,1.sn.subj_7,61.0,5
709,1.sn.subj_7,62.0,57
710,1.sn.subj_7,63.0,70
711,1.sn.subj_7,64.0,197
712,1.sn.subj_7,65.0,99
713,1.sn.subj_7,66.0,155
714,1.sn.subj_7,67.0,42
715,1.sn.subj_7,68.0,38
716,1.sn.subj_7,69.0,24
717,1.sn.subj_7,70.0,32
718,1.sn.subj_7,71.0,26
719,1.sn.subj_7,72.0,76
720,1.sn.subj_7,73.0,1
721,1.sn.subj_7,74.0,27
722,1.sn.subj_7,75.0,5
723,1.sn.subj_7,76.0,25
724,1.sn.subj_7,77.0,34
725,1.sn.subj_7,78.0,58
726,1.sn.subj_7,79.0,5
727,1.sn.subj_7,80.0,69
728,1.sn.subj_7,81.0,15
729,1.sn.subj_7,82.0,45
730,1.sn.subj_7,83.0,19
731,1.sn.subj_7,84.0,62
732,1.sn.subj_7,85.0,72
733,1.sn.subj_7,86.0,21
734,1.sn.subj_7,87.0,42
735,1.sn.subj_7,88.0,33
736,1.sn.subj_7,89.0,14
737,1.sn.subj_7,90.0,62
738,1.sn.subj_7,91.0,21
739,1.sn.subj_7,92.0,82
740,1.sn.subj_7,93.0,52
741,1.sn.subj_7,94.0,14
742,1.sn.subj_7,95.0,48
743,1.sn.subj_7,96.0,61
744,1.sn.subj_7,97.0,27
745,1.sn.subj_7,99.0,14
746,1.sn.subj_7,100.0,10
747,1.sn.subj_7,101.0,77
748,1.sn.subj_7,102.0,4
749,1.sn.subj_7,103.0,28
750,1.sn.subj_7,104.0,1
751,1.sp.subj_3,28.0,227
752,1.sp.subj_3,29.0,523
753,1.sp.subj_3,30.0,185
754,1.sp.subj_3,31.0,131
755,1.sp.subj_3,34.0,82
756,1.sp.subj_3,35.0,766
757,1.sp.subj_3,36.0,1265
758,1.sp.subj_3,37.0,492
759,1.sp.subj_3,38.0,480
760,1.sp.subj_3,39.0,308
761,1.sp.subj_3,40.0,558
762,1.sp.subj_3,41.0,6
763,1.sp.subj_3,42.0,119
764,1.sp.subj_3,43.0,3
765,1.sp.subj_3,44.0,44
766,1.sp.subj_3,45.0,235
767,1.sp.subj_3,46.0,34
768,1.sp.subj_3,47.0,51
769,1.sp.subj_3,48.0,146
770,1.sp.subj_3,49.0,90
771,1.sp.subj_3,50.0,71
772,1.sp.subj_3,51.0,67
773,1.sp.subj_3,52.0,85
774,1.sp.subj_3,53.0,184
775,1.sp.subj_3,54.0,142
776,1.sp.subj_3,55.0,571
777,1.sp.subj_3,56.0,336
778,1.sp.subj_3,57.0,546
779,1.sp.subj_3,58.0,742
780,1.sp.subj_3,59.0,630
781,1.sp.subj_3,60.0,52
782,1.sp.subj_3,61.0,43
783,1.sp.subj_3,62.0,272
784,1.sp.subj_3,63.0,554
785,1.sp.subj_3,64.0,987
786,1.sp.subj_3,65.0,496
787,1.sp.subj_3,66.0,790
788,1.sp.subj_3,67.0,181
789,1.sp.subj_3,68.0,281
790,1.sp.subj_3,69.0,229
791,1.sp.subj_3,70.0,224
792,1.sp.subj_3,71.0,147
793,1.sp.subj_3,72.0,362
794,1.sp.subj_3,73.0,11
795,1.sp.subj_3,74.0,162
796,1.sp.subj_3,75.0,31
797,1.sp.subj_3,76.0,166
798,1.sp.subj_3,77.0,250
799,1.sp.subj_3,78.0,327
800,1.sp.subj_3,79.0,99
801,1.sp.subj_3,80.0,326
802,1.sp.subj_3,81.0,66
803,1.sp.subj_3,82.0,269
804,1.sp.subj_3,83.0,138
805,1.sp.subj_3,84.0,271
806,1.sp.subj_3,85.0,419
807,1.sp.subj_3,86.0,237
808,1.sp.subj_3,87.0,304
809,1.sp.subj_3,88.0,233
810,1.sp.subj_3,89.0,62
811,1.sp.subj_3,90.0,354
812,1.sp.subj_3,91.0,161
813,1.sp.subj_3,92.0,581
814,1.sp.subj_3,93.0,205
815,1.sp.subj_3,94.0,54
816,1.sp.subj_3,95.0,277
817,1.sp.subj_3,96.0,362
818,1.sp.subj_3,97.0,185
819,1.sp.subj_3,98.0,4
820,1.sp.subj_3,99.0,73
821,1.sp.subj_3,100.0,51
822,1.sp.subj_3,101.0,512
823,1.sp.subj_3,102.0,31
824,1.sp.subj_3,103.0,211
825,1.sp.subj_3,104.0,4
826,1.sp.subj_4,27.0,1
827,1.sp.subj_4,28.0,846
828,1.sp.subj_4,29.0,1210
829,1.sp.subj_4,30.0,617
830,1.sp.subj_4,31.0,300
831,1.sp.subj_4,32.0,1
832,1.sp.subj_4,33.0,1
833,1.sp.subj_4,34.0,214
834,1.sp.subj_4,35.0,1863
835,1.sp.subj_4,36.0,3442
836,1.sp.subj_4,37.0,1335
837,1.sp.subj_4,38.0,1698
838,1.sp.subj_4,39.0,836
839,1.sp.subj_4,40.0,1865
840,1.sp.subj_4,41.0,68
841,1.sp.subj_4,42.0,327
842,1.sp.subj_4,43.0,19
843,1.sp.subj_4,44.0,127
844,1.sp.subj_4,45.0,655
845,1.sp.subj_4,46.0,204
846,1.sp.subj_4,47.0,114
847,1.sp.subj_4,48.0,348
848,1.sp.subj_4,49.0,154
849,1.sp.subj_4,50.0,181
850,1.sp.subj_4,51.0,208
851,1.sp.subj_4,52.0,221
852,1.sp.subj_4,53.0,434
853,1.sp.subj_4,54.0,377
854,1.sp.subj_4,55.0,1551
855,1.sp.subj_4,56.0,802
856,1.sp.subj_4,57.0,1274
857,1.sp.subj_4,58.0,1767
858,1.sp.subj_4,59.0,1509
859,1.sp.subj_4,60.0,141
860,1.sp.subj_4,61.0,85
861,1.sp.subj_4,62.0,672
862,1.sp.subj_4,63.0,1328
863,1.sp.subj_4,64.0,2475
864,1.sp.subj_4,65.0,1137
865,1.sp.subj_4,66.0,1919
866,1.sp.subj_4,67.0,371
867,1.sp.subj_4,68.0,710
868,1.sp.subj_4,69.0,433
869,1.sp.subj_4,70.0,432
870,1.sp.subj_4,71.0,385
871,1.sp.subj_4,72.0,888
872,1.sp.subj_4,73.0,12
873,1.sp.subj_4,74.0,288
874,1.sp.subj_4,75.0,87
875,1.sp.subj_4,76.0,384
876,1.sp.subj_4,77.0,510
877,1.sp.subj_4,78.0,758
878,1.sp.subj_4,79.0,202
879,1.sp.subj_4,80.0,708
880,1.sp.subj_4,81.0,187
881,1.sp.subj_4,82.0,618
882,1.sp.subj_4,83.0,303
883,1.sp.subj_4,84.0,867
884,1.sp.subj_4,85.0,1052
885,1.sp.subj_4,86.0,402
886,1.sp.subj_4,87.0,741
887,1.sp.subj_4,88.0,556
888,1.sp.subj_4,89.0,137
889,1.sp.subj_4,90.0,865
890,1.sp.subj_4,91.0,381
891,1.sp.subj_4,92.0,1422
892,1.sp.subj_4,93.0,601
893,1.sp.subj_4,94.0,137
894,1.sp.subj_4,95.0,594
895,1.sp.subj_4,96.0,835
896,1.sp.subj_4,97.0,462
897,1.sp.subj_4,98.0,31
898,1.sp.subj_4,99.0,196
899,1.sp.subj_4,100.0,174
900,1.sp.subj_4,101.0,1218
901,1.sp.subj_4,102.0,83
902,1.sp.subj_4,103.0,451
903,1.sp.subj_4,104.0,21
904,1.sp.subj_5,28.0,355
905,1.sp.subj_5,29.0,566
906,1.sp.subj_5,30.0,268
907,1.sp.subj_5,31.0,180
908,1.sp.subj_5,34.0,165
909,1.sp.subj_5,35.0,867
910,1.sp.subj_5,36.0,1574
911,1.sp.subj_5,37.0,647
912,1.sp.subj_5,38.0,661
913,1.sp.subj_5,39.0,424
914,1.sp.subj_5,40.0,822
915,1.sp.subj_5,41.0,20
916,1.sp.subj_5,42.0,189
917,1.sp.subj_5,43.0,5
918,1.sp.subj_5,44.0,74
919,1.sp.subj_5,45.0,340
920,1.sp.subj_5,46.0,57
921,1.sp.subj_5,47.0,65
922,1.sp.subj_5,48.0,230
923,1.sp.subj_5,49.0,87
924,1.sp.subj_5,50.0,75
925,1.sp.subj_5,51.0,127
926,1.sp.subj_5,52.0,106
927,1.sp.subj_5,53.0,221
928,1.sp.subj_5,54.0,170
929,1.sp.subj_5,55.0,658
930,1.sp.subj_5,56.0,417
931,1.sp.subj_5,57.0,699
932,1.sp.subj_5,58.0,914
933,1.sp.subj_5,59.0,831
934,1.sp.subj_5,60.0,89
935,1.sp.subj_5,61.0,68
936,1.sp.subj_5,62.0,332
937,1.sp.subj_5,63.0,532
938,1.sp.subj_5,64.0,1147
939,1.sp.subj_5,65.0,606
940,1.sp.subj_5,66.0,1003
941,1.sp.subj_5,67.0,207
942,1.sp.subj_5,68.0,375
943,1.sp.subj_5,69.0,226
944,1.sp.subj_5,70.0,249
945,1.sp.subj_5,71.0,164
946,1.sp.subj_5,72.0,464
947,1.sp.subj_5,73.0,17
948,1.sp.subj_5,74.0,181
949,1.sp.subj_5,75.0,34
950,1.sp.subj_5,76.0,242
951,1.sp.subj_5,77.0,349
952,1.sp.subj_5,78.0,450
953,1.sp.subj_5,79.0,136
954,1.sp.subj_5,80.0,469
955,1.sp.subj_5,81.0,107
956,1.sp.subj_5,82.0,301
957,1.sp.subj_5,83.0,177
958,1.sp.subj_5,84.0,404
959,1.sp.subj_5,85.0,605
960,1.sp.subj_5,86.0,246
961,1.sp.subj_5,87.0,393
962,1.sp.subj_5,88.0,296
963,1.sp.subj_5,89.0,84
964,1.sp.subj_5,90.0,567
965,1.sp.subj_5,91.0,188
966,1.sp.subj_5,92.0,870
967,1.sp.subj_5,93.0,273
968,1.sp.subj_5,94.0,90
969,1.sp.subj_5,95.0,315
970,1.sp.subj_5,96.0,452
971,1.sp.subj_5,97.0,224
972,1.sp.subj_5,98.0,14
973,1.sp.subj_5,99.0,118
974,1.sp.subj_5,100.0,99
975,1.sp.subj_5,101.0,651
976,1.sp.subj_5,102.0,47
977,1.sp.subj_5,103.0,282
978,1.sp.subj_5,104.0,8
979,1.sp.subj_6,28.0,460
980,1.sp.subj_6,29.0,744
981,1.sp.subj_6,30.0,239
982,1.sp.subj_6,31.0,175
983,1.sp.subj_6,34.0,114
984,1.sp.subj_6,35.0,984
985,1.sp.subj_6,36.0,1684
986,1.sp.subj_6,37.0,638
987,1.sp.subj_6,38.0,877
988,1.sp.subj_6,39.0,442
989,1.sp.subj_6,40.0,952
990,1.sp.subj_6,41.0,22
991,1.sp.subj_6,42.0,172
992,1.sp.subj_6,43.0,8
993,1.sp.subj_6,44.0,55
994,1.sp.subj_6,45.0,283
995,1.sp.subj_6,46.0,89
996,1.sp.subj_6,47.0,29
997,1.sp.subj_6,48.0,184
998,1.sp.subj_6,49.0,70
999,1.sp.subj_6,50.0,70
1000,1.sp.subj_6,51.0,99
1001,1.sp.subj_6,52.0,86
1002,1.sp.subj_6,53.0,187
1003,1.sp.subj_6,54.0,145
1004,1.sp.subj_6,55.0,700
1005,1.sp.subj_6,56.0,367
1006,1.sp.subj_6,57.0,551
1007,1.sp.subj_6,58.0,792
1008,1.sp.subj_6,59.0,685
1009,1.sp.subj_6,60.0,80
1010,1.sp.subj_6,61.0,24
1011,1.sp.subj_6,62.0,325
1012,1.sp.subj_6,63.0,667
1013,1.sp.subj_6,64.0,1095
1014,1.sp.subj_6,65.0,475
1015,1.sp.subj_6,66.0,855
1016,1.sp.subj_6,67.0,208
1017,1.sp.subj_6,68.0,341
1018,1.sp.subj_6,69.0,213
1019,1.sp.subj_6,70.0,196
1020,1.sp.subj_6,71.0,155
1021,1.sp.subj_6,72.0,355
1022,1.sp.subj_6,73.0,4
1023,1.sp.subj_6,74.0,110
1024,1.sp.subj_6,75.0,28
1025,1.sp.subj_6,76.0,207
1026,1.sp.subj_6,77.0,277
1027,1.sp.subj_6,78.0,392
1028,1.sp.subj_6,79.0,73
1029,1.sp.subj_6,80.0,313
1030,1.sp.subj_6,81.0,65
1031,1.sp.subj_6,82.0,244
1032,1.sp.subj_6,83.0,147
1033,1.sp.subj_6,84.0,351
1034,1.sp.subj_6,85.0,466
1035,1.sp.subj_6,86.0,213
1036,1.sp.subj_6,87.0,323
1037,1.sp.subj_6,88.0,257
1038,1.sp.subj_6,89.0,65
1039,1.sp.subj_6,90.0,348
1040,1.sp.subj_6,91.0,171
1041,1.sp.subj_6,92.0,594
1042,1.sp.subj_6,93.0,251
1043,1.sp.subj_6,94.0,70
1044,1.sp.subj_6,95.0,248
1045,1.sp.subj_6,96.0,406
1046,1.sp.subj_6,97.0,161
1047,1.sp.subj_6,98.0,12
1048,1.sp.subj_6,99.0,76
1049,1.sp.subj_6,100.0,62
1050,1.sp.subj_6,101.0,609
1051,1.sp.subj_6,102.0,34
1052,1.sp.subj_6,103.0,250
1053,1.sp.subj_6,104.0,11
1054,1.sp.subj_7,28.0,212
1055,1.sp.subj_7,29.0,381
1056,1.sp.subj_7,30.0,160
1057,1.sp.subj_7,31.0,140
1058,1.sp.subj_7,34.0,81
1059,1.sp.subj_7,35.0,527
1060,1.sp.subj_7,36.0,1014
1061,1.sp.subj_7,37.0,412
1062,1.sp.subj_7,38.0,476
1063,1.sp.subj_7,39.0,231
1064,1.sp.subj_7,40.0,500
1065,1.sp.subj_7,41.0,13
1066,1.sp.subj_7,42.0,97
1067,1.sp.subj_7,43.0,6
1068,1.sp.subj_7,44.0,32
1069,1.sp.subj_7,45.0,177
1070,1.sp.subj_7,46.0,40
1071,1.sp.subj_7,47.0,38
1072,1.sp.subj_7,48.0,114
1073,1.sp.subj_7,49.0,48
1074,1.sp.subj_7,50.0,52
1075,1.sp.subj_7,51.0,45
1076,1.sp.subj_7,52.0,64
1077,1.sp.subj_7,53.0,109
1078,1.sp.subj_7,54.0,92
1079,1.sp.subj_7,55.0,459
1080,1.sp.subj_7,56.0,249
1081,1.sp.subj_7,57.0,377
1082,1.sp.subj_7,58.0,508
1083,1.sp.subj_7,59.0,435
1084,1.sp.subj_7,60.0,44
1085,1.sp.subj_7,61.0,21
1086,1.sp.subj_7,62.0,220
1087,1.sp.subj_7,63.0,344
1088,1.sp.subj_7,64.0,731
1089,1.sp.subj_7,65.0,344
1090,1.sp.subj_7,66.0,571
1091,1.sp.subj_7,67.0,135
1092,1.sp.subj_7,68.0,202
1093,1.sp.subj_7,69.0,160
1094,1.sp.subj_7,70.0,143
1095,1.sp.subj_7,71.0,118
1096,1.sp.subj_7,72.0,252
1097,1.sp.subj_7,73.0,6
1098,1.sp.subj_7,74.0,103
1099,1.sp.subj_7,75.0,30
1100,1.sp.subj_7,76.0,129
1101,1.sp.subj_7,77.0,162
1102,1.sp.subj_7,78.0,203
1103,1.sp.subj_7,79.0,73
1104,1.sp.subj_7,80.0,276
1105,1.sp.subj_7,81.0,50
1106,1.sp.subj_7,82.0,159
1107,1.sp.subj_7,83.0,75
1108,1.sp.subj_7,84.0,246
1109,1.sp.subj_7,85.0,300
1110,1.sp.subj_7,86.0,135
1111,1.sp.subj_7,87.0,207
1112,1.sp.subj_7,88.0,157
1113,1.sp.subj_7,89.0,46
1114,1.sp.subj_7,90.0,336
1115,1.sp.subj_7,91.0,132
1116,1.sp.subj_7,92.0,509
1117,1.sp.subj_7,93.0,194
1118,1.sp.subj_7,94.0,58
1119,1.sp.subj_7,95.0,188
1120,1.sp.subj_7,96.0,239
1121,1.sp.subj_7,97.0,126
1122,1.sp.subj_7,98.0,9
1123,1.sp.subj_7,99.0,56
1124,1.sp.subj_7,100.0,41
1125,1.sp.subj_7,101.0,383
1126,1.sp.subj_7,102.0,18
1127,1.sp.subj_7,103.0,151
1128,1.sp.subj_7,104.0,4
1129,2.4 weeks.subj_3,28.0,147
1130,2.4 weeks.subj_3,29.0,149
1131,2.4 weeks.subj_3,30.0,109
1132,2.4 weeks.subj_3,31.0,21
1133,2.4 weeks.subj_3,34.0,26
1134,2.4 weeks.subj_3,35.0,184
1135,2.4 weeks.subj_3,36.0,441
1136,2.4 weeks.subj_3,37.0,357
1137,2.4 weeks.subj_3,38.0,370
1138,2.4 weeks.subj_3,39.0,131
1139,2.4 weeks.subj_3,40.0,209
1140,2.4 weeks.subj_3,41.0,37
1141,2.4 weeks.subj_3,42.0,68
1142,2.4 weeks.subj_3,43.0,22
1143,2.4 weeks.subj_3,44.0,39
1144,2.4 weeks.subj_3,45.0,62
1145,2.4 weeks.subj_3,46.0,40
1146,2.4 weeks.subj_3,47.0,11
1147,2.4 weeks.subj_3,48.0,68
1148,2.4 weeks.subj_3,49.0,29
1149,2.4 weeks.subj_3,50.0,65
1150,2.4 weeks.subj_3,51.0,44
1151,2.4 weeks.subj_3,52.0,62
1152,2.4 weeks.subj_3,53.0,63
1153,2.4 weeks.subj_3,54.0,76
1154,2.4 weeks.subj_3,55.0,183
1155,2.4 weeks.subj_3,56.0,120
1156,2.4 weeks.subj_3,57.0,161
1157,2.4 weeks.subj_3,58.0,89
1158,2.4 weeks.subj_3,59.0,160
1159,2.4 weeks.subj_3,60.0,12
1160,2.4 weeks.subj_3,61.0,14
1161,2.4 weeks.subj_3,62.0,59
1162,2.4 weeks.subj_3,63.0,162
1163,2.4 weeks.subj_3,64.0,172
1164,2.4 weeks.subj_3,65.0,128
1165,2.4 weeks.subj_3,66.0,252
1166,2.4 weeks.subj_3,67.0,52
1167,2.4 weeks.subj_3,68.0,94
1168,2.4 weeks.subj_3,69.0,91
1169,2.4 weeks.subj_3,70.0,82
1170,2.4 weeks.subj_3,71.0,102
1171,2.4 weeks.subj_3,72.0,131
1172,2.4 weeks.subj_3,73.0,1
1173,2.4 weeks.subj_3,74.0,63
1174,2.4 weeks.subj_3,75.0,40
1175,2.4 weeks.subj_3,76.0,60
1176,2.4 weeks.subj_3,77.0,101
1177,2.4 weeks.subj_3,78.0,100
1178,2.4 weeks.subj_3,79.0,49
1179,2.4 weeks.subj_3,80.0,91
1180,2.4 weeks.subj_3,81.0,52
1181,2.4 weeks.subj_3,82.0,142
1182,2.4 weeks.subj_3,83.0,85
1183,2.4 weeks.subj_3,84.0,90
1184,2.4 weeks.subj_3,85.0,130
1185,2.4 weeks.subj_3,86.0,121
1186,2.4 weeks.subj_3,87.0,63
1187,2.4 weeks.subj_3,88.0,91
1188,2.4 weeks.subj_3,89.0,42
1189,2.4 weeks.subj_3,90.0,71
1190,2.4 weeks.subj_3,91.0,61
1191,2.4 weeks.subj_3,92.0,144
1192,2.4 weeks.subj_3,93.0,50
1193,2.4 weeks.subj_3,94.0,61
1194,2.4 weeks.subj_3,95.0,54
1195,2.4 weeks.subj_3,96.0,149
1196,2.4 weeks.subj_3,97.0,86
1197,2.4 weeks.subj_3,98.0,38
1198,2.4 weeks.subj_3,99.0,30
1199,2.4 weeks.subj_3,100.0,20
1200,2.4 weeks.subj_3,101.0,166
1201,2.4 weeks.subj_3,102.0,30
1202,2.4 weeks.subj_3,103.0,69
1203,2.4 weeks.subj_3,104.0,38
1204,2.4 weeks.subj_4,28.0,17
1205,2.4 weeks.subj_4,29.0,33
1206,2.4 weeks.subj_4,30.0,20
1207,2.4 weeks.subj_4,31.0,3
1208,2.4 weeks.subj_4,34.0,17
1209,2.4 weeks.subj_4,35.0,40
1210,2.4 weeks.subj_4,36.0,63
1211,2.4 weeks.subj_4,37.0,30
1212,2.4 weeks.subj_4,38.0,58
1213,2.4 weeks.subj_4,39.0,63
1214,2.4 weeks.subj_4,40.0,44
1215,2.4 weeks.subj_4,41.0,21
1216,2.4 weeks.subj_4,42.0,12
1217,2.4 weeks.subj_4,43.0,11
1218,2.4 weeks.subj_4,44.0,12
1219,2.4 weeks.subj_4,45.0,23
1220,2.4 weeks.subj_4,46.0,8
1221,2.4 weeks.subj_4,47.0,10
1222,2.4 weeks.subj_4,48.0,20
1223,2.4 weeks.subj_4,49.0,8
1224,2.4 weeks.subj_4,50.0,8
1225,2.4 weeks.subj_4,51.0,10
1226,2.4 weeks.subj_4,52.0,19
1227,2.4 weeks.subj_4,53.0,16
1228,2.4 weeks.subj_4,54.0,11
1229,2.4 weeks.subj_4,55.0,30
1230,2.4 weeks.subj_4,56.0,14
1231,2.4 weeks.subj_4,57.0,30
1232,2.4 weeks.subj_4,58.0,23
1233,2.4 weeks.subj_4,59.0,26
1234,2.4 weeks.subj_4,62.0,7
1235,2.4 weeks.subj_4,63.0,32
1236,2.4 weeks.subj_4,64.0,30
1237,2.4 weeks.subj_4,65.0,20
1238,2.4 weeks.subj_4,66.0,22
1239,2.4 weeks.subj_4,67.0,18
1240,2.4 weeks.subj_4,68.0,29
1241,2.4 weeks.subj_4,69.0,18
1242,2.4 weeks.subj_4,70.0,27
1243,2.4 weeks.subj_4,71.0,16
1244,2.4 weeks.subj_4,72.0,16
1245,2.4 weeks.subj_4,74.0,20
1246,2.4 weeks.subj_4,75.0,13
1247,2.4 weeks.subj_4,76.0,13
1248,2.4 weeks.subj_4,77.0,12
1249,2.4 weeks.subj_4,78.0,41
1250,2.4 weeks.subj_4,79.0,13
1251,2.4 weeks.subj_4,80.0,22
1252,2.4 weeks.subj_4,81.0,14
1253,2.4 weeks.subj_4,82.0,15
1254,2.4 weeks.subj_4,83.0,16
1255,2.4 weeks.subj_4,84.0,31
1256,2.4 weeks.subj_4,85.0,31
1257,2.4 weeks.subj_4,86.0,22
1258,2.4 weeks.subj_4,87.0,10
1259,2.4 weeks.subj_4,88.0,13
1260,2.4 weeks.subj_4,89.0,32
1261,2.4 weeks.subj_4,90.0,31
1262,2.4 weeks.subj_4,91.0,9
1263,2.4 weeks.subj_4,92.0,22
1264,2.4 weeks.subj_4,93.0,33
1265,2.4 weeks.subj_4,94.0,9
1266,2.4 weeks.subj_4,95.0,12
1267,2.4 weeks.subj_4,96.0,37
1268,2.4 weeks.subj_4,97.0,19
1269,2.4 weeks.subj_4,98.0,14
1270,2.4 weeks.subj_4,99.0,11
1271,2.4 weeks.subj_4,100.0,7
1272,2.4 weeks.subj_4,101.0,30
1273,2.4 weeks.subj_4,102.0,13
1274,2.4 weeks.subj_4,103.0,16
1275,2.4 weeks.subj_4,104.0,19
1276,2.4 weeks.subj_5,28.0,589
1277,2.4 weeks.subj_5,29.0,766
1278,2.4 weeks.subj_5,30.0,313
1279,2.4 weeks.subj_5,31.0,247
1280,2.4 weeks.subj_5,34.0,227
1281,2.4 weeks.subj_5,35.0,1280
1282,2.4 weeks.subj_5,36.0,2286
1283,2.4 weeks.subj_5,37.0,863
1284,2.4 weeks.subj_5,38.0,905
1285,2.4 weeks.subj_5,39.0,560
1286,2.4 weeks.subj_5,40.0,960
1287,2.4 weeks.subj_5,41.0,32
1288,2.4 weeks.subj_5,42.0,125
1289,2.4 weeks.subj_5,43.0,23
1290,2.4 weeks.subj_5,44.0,74
1291,2.4 weeks.subj_5,45.0,310
1292,2.4 weeks.subj_5,46.0,72
1293,2.4 weeks.subj_5,47.0,56
1294,2.4 weeks.subj_5,48.0,245
1295,2.4 weeks.subj_5,49.0,44
1296,2.4 weeks.subj_5,50.0,71
1297,2.4 weeks.subj_5,51.0,100
1298,2.4 weeks.subj_5,52.0,115
1299,2.4 weeks.subj_5,53.0,214
1300,2.4 weeks.subj_5,54.0,177
1301,2.4 weeks.subj_5,55.0,682
1302,2.4 weeks.subj_5,56.0,426
1303,2.4 weeks.subj_5,57.0,504
1304,2.4 weeks.subj_5,58.0,785
1305,2.4 weeks.subj_5,59.0,793
1306,2.4 weeks.subj_5,60.0,14
1307,2.4 weeks.subj_5,61.0,9
1308,2.4 weeks.subj_5,62.0,272
1309,2.4 weeks.subj_5,63.0,663
1310,2.4 weeks.subj_5,64.0,1009
1311,2.4 weeks.subj_5,65.0,668
1312,2.4 weeks.subj_5,66.0,875
1313,2.4 weeks.subj_5,67.0,298
1314,2.4 weeks.subj_5,68.0,489
1315,2.4 weeks.subj_5,69.0,260
1316,2.4 weeks.subj_5,70.0,216
1317,2.4 weeks.subj_5,71.0,194
1318,2.4 weeks.subj_5,72.0,492
1319,2.4 weeks.subj_5,73.0,7
1320,2.4 weeks.subj_5,74.0,200
1321,2.4 weeks.subj_5,75.0,58
1322,2.4 weeks.subj_5,76.0,247
1323,2.4 weeks.subj_5,77.0,319
1324,2.4 weeks.subj_5,78.0,420
1325,2.4 weeks.subj_5,79.0,95
1326,2.4 weeks.subj_5,80.0,375
1327,2.4 weeks.subj_5,81.0,89
1328,2.4 weeks.subj_5,82.0,343
1329,2.4 weeks.subj_5,83.0,131
1330,2.4 weeks.subj_5,84.0,334
1331,2.4 weeks.subj_5,85.0,472
1332,2.4 weeks.subj_5,86.0,181
1333,2.4 weeks.subj_5,87.0,345
1334,2.4 weeks.subj_5,88.0,275
1335,2.4 weeks.subj_5,89.0,87
1336,2.4 weeks.subj_5,90.0,429
1337,2.4 weeks.subj_5,91.0,174
1338,2.4 weeks.subj_5,92.0,606
1339,2.4 weeks.subj_5,93.0,233
1340,2.4 weeks.subj_5,94.0,79
1341,2.4 weeks.subj_5,95.0,265
1342,2.4 weeks.subj_5,96.0,442
1343,2.4 weeks.subj_5,97.0,215
1344,2.4 weeks.subj_5,98.0,30
1345,2.4 weeks.subj_5,99.0,88
1346,2.4 weeks.subj_5,100.0,58
1347,2.4 weeks.subj_5,101.0,466
1348,2.4 weeks.subj_5,102.0,40
1349,2.4 weeks.subj_5,103.0,206
1350,2.4 weeks.subj_5,104.0,25
1351,2.4 weeks.subj_6,28.0,87
1352,2.4 weeks.subj_6,29.0,52
1353,2.4 weeks.subj_6,30.0,73
1354,2.4 weeks.subj_6,31.0,22
1355,2.4 weeks.subj_6,34.0,6
1356,2.4 weeks.subj_6,35.0,65
1357,2.4 weeks.subj_6,36.0,186
1358,2.4 weeks.subj_6,37.0,79
1359,2.4 weeks.subj_6,38.0,154
1360,2.4 weeks.subj_6,39.0,69
1361,2.4 weeks.subj_6,40.0,109
1362,2.4 weeks.subj_6,41.0,39
1363,2.4 weeks.subj_6,42.0,33
1364,2.4 weeks.subj_6,43.0,24
1365,2.4 weeks.subj_6,44.0,31
1366,2.4 weeks.subj_6,45.0,46
1367,2.4 weeks.subj_6,46.0,23
1368,2.4 weeks.subj_6,47.0,22
1369,2.4 weeks.subj_6,48.0,44
1370,2.4 weeks.subj_6,49.0,22
1371,2.4 weeks.subj_6,50.0,24
1372,2.4 weeks.subj_6,51.0,29
1373,2.4 weeks.subj_6,52.0,38
1374,2.4 weeks.subj_6,53.0,54
1375,2.4 weeks.subj_6,54.0,21
1376,2.4 weeks.subj_6,55.0,63
1377,2.4 weeks.subj_6,56.0,42
1378,2.4 weeks.subj_6,57.0,58
1379,2.4 weeks.subj_6,58.0,97
1380,2.4 weeks.subj_6,59.0,67
1381,2.4 weeks.subj_6,62.0,35
1382,2.4 weeks.subj_6,63.0,58
1383,2.4 weeks.subj_6,64.0,117
1384,2.4 weeks.subj_6,65.0,53
1385,2.4 weeks.subj_6,66.0,84
1386,2.4 weeks.subj_6,67.0,73
1387,2.4 weeks.subj_6,68.0,44
1388,2.4 weeks.subj_6,69.0,37
1389,2.4 weeks.subj_6,70.0,28
1390,2.4 weeks.subj_6,71.0,54
1391,2.4 weeks.subj_6,72.0,57
1392,2.4 weeks.subj_6,74.0,38
1393,2.4 weeks.subj_6,75.0,22
1394,2.4 weeks.subj_6,76.0,39
1395,2.4 weeks.subj_6,77.0,44
1396,2.4 weeks.subj_6,78.0,48
1397,2.4 weeks.subj_6,79.0,43
1398,2.4 weeks.subj_6,80.0,34
1399,2.4 weeks.subj_6,81.0,33
1400,2.4 weeks.subj_6,82.0,59
1401,2.4 weeks.subj_6,83.0,59
1402,2.4 weeks.subj_6,84.0,44
1403,2.4 weeks.subj_6,85.0,49
1404,2.4 weeks.subj_6,86.0,70
1405,2.4 weeks.subj_6,87.0,55
1406,2.4 weeks.subj_6,88.0,40
1407,2.4 weeks.subj_6,89.0,25
1408,2.4 weeks.subj_6,90.0,41
1409,2.4 weeks.subj_6,91.0,74
1410,2.4 weeks.subj_6,92.0,110
1411,2.4 weeks.subj_6,93.0,48
1412,2.4 weeks.subj_6,94.0,47
1413,2.4 weeks.subj_6,95.0,60
1414,2.4 weeks.subj_6,96.0,59
1415,2.4 weeks.subj_6,97.0,34
1416,2.4 weeks.subj_6,98.0,34
1417,2.4 weeks.subj_6,99.0,46
1418,2.4 weeks.subj_6,100.0,23
1419,2.4 weeks.subj_6,101.0,99
1420,2.4 weeks.subj_6,102.0,36
1421,2.4 weeks.subj_6,103.0,84
1422,2.4 weeks.subj_6,104.0,35
1423,2.4 weeks.subj_7,28.0,62
1424,2.4 weeks.subj_7,29.0,46
1425,2.4 weeks.subj_7,30.0,52
1426,2.4 weeks.subj_7,31.0,7
1427,2.4 weeks.subj_7,34.0,9
1428,2.4 weeks.subj_7,35.0,87
1429,2.4 weeks.subj_7,36.0,121
1430,2.4 weeks.subj_7,37.0,53
1431,2.4 weeks.subj_7,38.0,93
1432,2.4 weeks.subj_7,39.0,72
1433,2.4 weeks.subj_7,40.0,64
1434,2.4 weeks.subj_7,41.0,12
1435,2.4 weeks.subj_7,42.0,22
1436,2.4 weeks.subj_7,43.0,6
1437,2.4 weeks.subj_7,44.0,11
1438,2.4 weeks.subj_7,45.0,10
1439,2.4 weeks.subj_7,46.0,6
1440,2.4 weeks.subj_7,47.0,6
1441,2.4 weeks.subj_7,48.0,25
1442,2.4 weeks.subj_7,49.0,9
1443,2.4 weeks.subj_7,50.0,12
1444,2.4 weeks.subj_7,51.0,22
1445,2.4 weeks.subj_7,52.0,10
1446,2.4 weeks.subj_7,53.0,22
1447,2.4 weeks.subj_7,54.0,15
1448,2.4 weeks.subj_7,55.0,30
1449,2.4 weeks.subj_7,56.0,55
1450,2.4 weeks.subj_7,57.0,18
1451,2.4 weeks.subj_7,58.0,23
1452,2.4 weeks.subj_7,59.0,29
1453,2.4 weeks.subj_7,60.0,1
1454,2.4 weeks.subj_7,62.0,20
1455,2.4 weeks.subj_7,63.0,42
1456,2.4 weeks.subj_7,64.0,41
1457,2.4 weeks.subj_7,65.0,42
1458,2.4 weeks.subj_7,66.0,59
1459,2.4 weeks.subj_7,67.0,35
1460,2.4 weeks.subj_7,68.0,19
1461,2.4 weeks.subj_7,69.0,12
1462,2.4 weeks.subj_7,70.0,29
1463,2.4 weeks.subj_7,71.0,16
1464,2.4 weeks.subj_7,72.0,35
1465,2.4 weeks.subj_7,74.0,14
1466,2.4 weeks.subj_7,75.0,9
1467,2.4 weeks.subj_7,76.0,37
1468,2.4 weeks.subj_7,77.0,31
1469,2.4 weeks.subj_7,78.0,41
1470,2.4 weeks.subj_7,79.0,15
1471,2.4 weeks.subj_7,80.0,47
1472,2.4 weeks.subj_7,81.0,22
1473,2.4 weeks.subj_7,82.0,34
1474,2.4 weeks.subj_7,83.0,26
1475,2.4 weeks.subj_7,84.0,39
1476,2.4 weeks.subj_7,85.0,55
1477,2.4 weeks.subj_7,86.0,35
1478,2.4 weeks.subj_7,87.0,13
1479,2.4 weeks.subj_7,88.0,29
1480,2.4 weeks.subj_7,89.0,13
1481,2.4 weeks.subj_7,90.0,32
1482,2.4 weeks.subj_7,91.0,22
1483,2.4 weeks.subj_7,92.0,44
1484,2.4 weeks.subj_7,93.0,21
1485,2.4 weeks.subj_7,94.0,15
1486,2.4 weeks.subj_7,95.0,19
1487,2.4 weeks.subj_7,96.0,54
1488,2.4 weeks.subj_7,97.0,19
1489,2.4 weeks.subj_7,98.0,13
1490,2.4 weeks.subj_7,99.0,8
1491,2.4 weeks.subj_7,100.0,5
1492,2.4 weeks.subj_7,101.0,34
1493,2.4 weeks.subj_7,102.0,13
1494,2.4 weeks.subj_7,103.0,19
1495,2.4 weeks.subj_7,104.0,9
1496,2.sn.subj_3,28.0,127
1497,2.sn.subj_3,29.0,268
1498,2.sn.subj_3,30.0,94
1499,2.sn.subj_3,31.0,62
1500,2.sn.subj_3,34.0,18
1501,2.sn.subj_3,35.0,390
1502,2.sn.subj_3,36.0,560
1503,2.sn.subj_3,37.0,261
1504,2.sn.subj_3,38.0,399
1505,2.sn.subj_3,39.0,183
1506,2.sn.subj_3,40.0,231
1507,2.sn.subj_3,41.0,48
1508,2.sn.subj_3,42.0,74
1509,2.sn.subj_3,43.0,35
1510,2.sn.subj_3,44.0,42
1511,2.sn.subj_3,45.0,103
1512,2.sn.subj_3,46.0,29
1513,2.sn.subj_3,47.0,24
1514,2.sn.subj_3,48.0,82
1515,2.sn.subj_3,49.0,31
1516,2.sn.subj_3,50.0,52
1517,2.sn.subj_3,51.0,71
1518,2.sn.subj_3,52.0,56
1519,2.sn.subj_3,53.0,82
1520,2.sn.subj_3,54.0,35
1521,2.sn.subj_3,55.0,196
1522,2.sn.subj_3,56.0,156
1523,2.sn.subj_3,57.0,172
1524,2.sn.subj_3,58.0,187
1525,2.sn.subj_3,59.0,122
1526,2.sn.subj_3,60.0,7
1527,2.sn.subj_3,61.0,1
1528,2.sn.subj_3,62.0,55
1529,2.sn.subj_3,63.0,226
1530,2.sn.subj_3,64.0,263
1531,2.sn.subj_3,65.0,160
1532,2.sn.subj_3,66.0,226
1533,2.sn.subj_3,67.0,95
1534,2.sn.subj_3,68.0,78
1535,2.sn.subj_3,69.0,42
1536,2.sn.subj_3,70.0,74
1537,2.sn.subj_3,71.0,74
1538,2.sn.subj_3,72.0,128
1539,2.sn.subj_3,74.0,90
1540,2.sn.subj_3,75.0,42
1541,2.sn.subj_3,76.0,101
1542,2.sn.subj_3,77.0,171
1543,2.sn.subj_3,78.0,133
1544,2.sn.subj_3,79.0,55
1545,2.sn.subj_3,80.0,109
1546,2.sn.subj_3,81.0,56
1547,2.sn.subj_3,82.0,115
1548,2.sn.subj_3,83.0,90
1549,2.sn.subj_3,84.0,132
1550,2.sn.subj_3,85.0,146
1551,2.sn.subj_3,86.0,134
1552,2.sn.subj_3,87.0,145
1553,2.sn.subj_3,88.0,100
1554,2.sn.subj_3,89.0,69
1555,2.sn.subj_3,90.0,83
1556,2.sn.subj_3,91.0,167
1557,2.sn.subj_3,92.0,167
1558,2.sn.subj_3,93.0,99
1559,2.sn.subj_3,94.0,62
1560,2.sn.subj_3,95.0,68
1561,2.sn.subj_3,96.0,138
1562,2.sn.subj_3,97.0,114
1563,2.sn.subj_3,98.0,41
1564,2.sn.subj_3,99.0,39
1565,2.sn.subj_3,100.0,27
1566,2.sn.subj_3,101.0,206
1567,2.sn.subj_3,102.0,43
1568,2.sn.subj_3,103.0,137
1569,2.sn.subj_3,104.0,51
1570,2.sn.subj_4,28.0,117
1571,2.sn.subj_4,29.0,97
1572,2.sn.subj_4,30.0,87
1573,2.sn.subj_4,31.0,9
1574,2.sn.subj_4,34.0,3
1575,2.sn.subj_4,35.0,110
1576,2.sn.subj_4,36.0,363
1577,2.sn.subj_4,37.0,139
1578,2.sn.subj_4,38.0,298
1579,2.sn.subj_4,39.0,115
1580,2.sn.subj_4,40.0,172
1581,2.sn.subj_4,41.0,15
1582,2.sn.subj_4,42.0,35
1583,2.sn.subj_4,43.0,9
1584,2.sn.subj_4,44.0,29
1585,2.sn.subj_4,45.0,72
1586,2.sn.subj_4,46.0,24
1587,2.sn.subj_4,47.0,9
1588,2.sn.subj_4,48.0,65
1589,2.sn.subj_4,49.0,9
1590,2.sn.subj_4,50.0,18
1591,2.sn.subj_4,51.0,36
1592,2.sn.subj_4,52.0,12
1593,2.sn.subj_4,53.0,34
1594,2.sn.subj_4,54.0,65
1595,2.sn.subj_4,55.0,114
1596,2.sn.subj_4,56.0,96
1597,2.sn.subj_4,57.0,132
1598,2.sn.subj_4,58.0,98
1599,2.sn.subj_4,59.0,87
1600,2.sn.subj_4,60.0,1
1601,2.sn.subj_4,62.0,34
1602,2.sn.subj_4,63.0,196
1603,2.sn.subj_4,64.0,156
1604,2.sn.subj_4,65.0,90
1605,2.sn.subj_4,66.0,104
1606,2.sn.subj_4,67.0,44
1607,2.sn.subj_4,68.0,51
1608,2.sn.subj_4,69.0,70
1609,2.sn.subj_4,70.0,33
1610,2.sn.subj_4,71.0,54
1611,2.sn.subj_4,72.0,98
1612,2.sn.subj_4,74.0,15
1613,2.sn.subj_4,75.0,9
1614,2.sn.subj_4,76.0,70
1615,2.sn.subj_4,77.0,51
1616,2.sn.subj_4,78.0,86
1617,2.sn.subj_4,79.0,32
1618,2.sn.subj_4,80.0,32
1619,2.sn.subj_4,81.0,58
1620,2.sn.subj_4,82.0,81
1621,2.sn.subj_4,83.0,74
1622,2.sn.subj_4,84.0,65
1623,2.sn.subj_4,85.0,61
1624,2.sn.subj_4,86.0,95
1625,2.sn.subj_4,87.0,70
1626,2.sn.subj_4,88.0,92
1627,2.sn.subj_4,89.0,24
1628,2.sn.subj_4,90.0,52
1629,2.sn.subj_4,91.0,25
1630,2.sn.subj_4,92.0,50
1631,2.sn.subj_4,93.0,47
1632,2.sn.subj_4,94.0,21
1633,2.sn.subj_4,95.0,47
1634,2.sn.subj_4,96.0,91
1635,2.sn.subj_4,97.0,55
1636,2.sn.subj_4,98.0,11
1637,2.sn.subj_4,99.0,24
1638,2.sn.subj_4,100.0,20
1639,2.sn.subj_4,101.0,40
1640,2.sn.subj_4,102.0,26
1641,2.sn.subj_4,103.0,49
1642,2.sn.subj_4,104.0,18
1643,2.sn.subj_5,28.0,246
1644,2.sn.subj_5,29.0,451
1645,2.sn.subj_5,30.0,87
1646,2.sn.subj_5,31.0,28
1647,2.sn.subj_5,33.0,1
1648,2.sn.subj_5,34.0,22
1649,2.sn.subj_5,35.0,449
1650,2.sn.subj_5,36.0,935
1651,2.sn.subj_5,37.0,443
1652,2.sn.subj_5,38.0,432
1653,2.sn.subj_5,39.0,245
1654,2.sn.subj_5,40.0,540
1655,2.sn.subj_5,41.0,29
1656,2.sn.subj_5,42.0,49
1657,2.sn.subj_5,43.0,16
1658,2.sn.subj_5,44.0,53
1659,2.sn.subj_5,45.0,112
1660,2.sn.subj_5,46.0,51
1661,2.sn.subj_5,47.0,26
1662,2.sn.subj_5,48.0,71
1663,2.sn.subj_5,49.0,10
1664,2.sn.subj_5,50.0,55
1665,2.sn.subj_5,51.0,55
1666,2.sn.subj_5,52.0,29
1667,2.sn.subj_5,53.0,55
1668,2.sn.subj_5,54.0,47
1669,2.sn.subj_5,55.0,245
1670,2.sn.subj_5,56.0,161
1671,2.sn.subj_5,57.0,199
1672,2.sn.subj_5,58.0,349
1673,2.sn.subj_5,59.0,156
1674,2.sn.subj_5,61.0,1
1675,2.sn.subj_5,62.0,95
1676,2.sn.subj_5,63.0,334
1677,2.sn.subj_5,64.0,340
1678,2.sn.subj_5,65.0,293
1679,2.sn.subj_5,66.0,369
1680,2.sn.subj_5,67.0,54
1681,2.sn.subj_5,68.0,210
1682,2.sn.subj_5,69.0,96
1683,2.sn.subj_5,70.0,151
1684,2.sn.subj_5,71.0,113
1685,2.sn.subj_5,72.0,169
1686,2.sn.subj_5,73.0,6
1687,2.sn.subj_5,74.0,37
1688,2.sn.subj_5,75.0,37
1689,2.sn.subj_5,76.0,91
1690,2.sn.subj_5,77.0,122
1691,2.sn.subj_5,78.0,200
1692,2.sn.subj_5,79.0,97
1693,2.sn.subj_5,80.0,171
1694,2.sn.subj_5,81.0,72
1695,2.sn.subj_5,82.0,180
1696,2.sn.subj_5,83.0,77
1697,2.sn.subj_5,84.0,199
1698,2.sn.subj_5,85.0,227
1699,2.sn.subj_5,86.0,94
1700,2.sn.subj_5,87.0,156
1701,2.sn.subj_5,88.0,174
1702,2.sn.subj_5,89.0,56
1703,2.sn.subj_5,90.0,67
1704,2.sn.subj_5,91.0,89
1705,2.sn.subj_5,92.0,140
1706,2.sn.subj_5,93.0,99
1707,2.sn.subj_5,94.0,24
1708,2.sn.subj_5,95.0,84
1709,2.sn.subj_5,96.0,168
1710,2.sn.subj_5,97.0,100
1711,2.sn.subj_5,98.0,25
1712,2.sn.subj_5,99.0,48
1713,2.sn.subj_5,100.0,34
1714,2.sn.subj_5,101.0,148
1715,2.sn.subj_5,102.0,30
1716,2.sn.subj_5,103.0,53
1717,2.sn.subj_5,104.0,18
1718,2.sn.subj_6,28.0,41
1719,2.sn.subj_6,29.0,29
1720,2.sn.subj_6,30.0,32
1721,2.sn.subj_6,31.0,18
1722,2.sn.subj_6,34.0,4
1723,2.sn.subj_6,35.0,51
1724,2.sn.subj_6,36.0,82
1725,2.sn.subj_6,37.0,62
1726,2.sn.subj_6,38.0,88
1727,2.sn.subj_6,39.0,44
1728,2.sn.subj_6,40.0,71
1729,2.sn.subj_6,41.0,41
1730,2.sn.subj_6,42.0,18
1731,2.sn.subj_6,43.0,24
1732,2.sn.subj_6,44.0,42
1733,2.sn.subj_6,45.0,23
1734,2.sn.subj_6,46.0,27
1735,2.sn.subj_6,47.0,14
1736,2.sn.subj_6,48.0,32
1737,2.sn.subj_6,49.0,22
1738,2.sn.subj_6,50.0,20
1739,2.sn.subj_6,51.0,25
1740,2.sn.subj_6,52.0,50
1741,2.sn.subj_6,53.0,44
1742,2.sn.subj_6,54.0,23
1743,2.sn.subj_6,55.0,44
1744,2.sn.subj_6,56.0,33
1745,2.sn.subj_6,57.0,61
1746,2.sn.subj_6,58.0,64
1747,2.sn.subj_6,59.0,36
1748,2.sn.subj_6,62.0,16
1749,2.sn.subj_6,63.0,68
1750,2.sn.subj_6,64.0,55
1751,2.sn.subj_6,65.0,50
1752,2.sn.subj_6,66.0,46
1753,2.sn.subj_6,67.0,28
1754,2.sn.subj_6,68.0,53
1755,2.sn.subj_6,69.0,21
1756,2.sn.subj_6,70.0,30
1757,2.sn.subj_6,71.0,29
1758,2.sn.subj_6,72.0,76
1759,2.sn.subj_6,74.0,25
1760,2.sn.subj_6,75.0,25
1761,2.sn.subj_6,76.0,29
1762,2.sn.subj_6,77.0,24
1763,2.sn.subj_6,78.0,87
1764,2.sn.subj_6,79.0,29
1765,2.sn.subj_6,80.0,47
1766,2.sn.subj_6,81.0,30
1767,2.sn.subj_6,82.0,36
1768,2.sn.subj_6,83.0,31
1769,2.sn.subj_6,84.0,49
1770,2.sn.subj_6,85.0,33
1771,2.sn.subj_6,86.0,36
1772,2.sn.subj_6,87.0,28
1773,2.sn.subj_6,88.0,60
1774,2.sn.subj_6,89.0,23
1775,2.sn.subj_6,90.0,55
1776,2.sn.subj_6,91.0,23
1777,2.sn.subj_6,92.0,44
1778,2.sn.subj_6,93.0,39
1779,2.sn.subj_6,94.0,19
1780,2.sn.subj_6,95.0,36
1781,2.sn.subj_6,96.0,54
1782,2.sn.subj_6,97.0,23
1783,2.sn.subj_6,98.0,27
1784,2.sn.subj_6,99.0,30
1785,2.sn.subj_6,100.0,12
1786,2.sn.subj_6,101.0,29
1787,2.sn.subj_6,102.0,28
1788,2.sn.subj_6,103.0,52
1789,2.sn.subj_6,104.0,37
1790,2.sn.subj_7,35.0,2
1791,2.sn.subj_7,36.0,1
1792,2.sn.subj_7,38.0,2
1793,2.sn.subj_7,39.0,1
1794,2.sn.subj_7,40.0,2
1795,2.sn.subj_7,43.0,3
1796,2.sn.subj_7,45.0,3
1797,2.sn.subj_7,48.0,1
1798,2.sn.subj_7,53.0,1
1799,2.sn.subj_7,55.0,2
1800,2.sn.subj_7,57.0,3
1801,2.sn.subj_7,59.0,3
1802,2.sn.subj_7,64.0,2
1803,2.sn.subj_7,68.0,3
1804,2.sn.subj_7,69.0,1
1805,2.sn.subj_7,72.0,1
1806,2.sn.subj_7,75.0,1
1807,2.sn.subj_7,76.0,1
1808,2.sn.subj_7,78.0,2
1809,2.sn.subj_7,80.0,3
1810,2.sn.subj_7,84.0,2
1811,2.sn.subj_7,85.0,1
1812,2.sn.subj_7,90.0,2
1813,2.sn.subj_7,93.0,1
1814,2.sn.subj_7,95.0,1
1815,2.sn.subj_7,97.0,1
1816,2.sn.subj_7,99.0,2
1817,2.sp.subj_3,28.0,259
1818,2.sp.subj_3,29.0,546
1819,2.sp.subj_3,30.0,194
1820,2.sp.subj_3,31.0,23
1821,2.sp.subj_3,34.0,41
1822,2.sp.subj_3,35.0,496
1823,2.sp.subj_3,36.0,1144
1824,2.sp.subj_3,37.0,567
1825,2.sp.subj_3,38.0,823
1826,2.sp.subj_3,39.0,367
1827,2.sp.subj_3,40.0,515
1828,2.sp.subj_3,41.0,35
1829,2.sp.subj_3,42.0,102
1830,2.sp.subj_3,43.0,27
1831,2.sp.subj_3,44.0,84
1832,2.sp.subj_3,45.0,114
1833,2.sp.subj_3,46.0,66
1834,2.sp.subj_3,47.0,23
1835,2.sp.subj_3,48.0,140
1836,2.sp.subj_3,49.0,56
1837,2.sp.subj_3,50.0,43
1838,2.sp.subj_3,51.0,61
1839,2.sp.subj_3,52.0,31
1840,2.sp.subj_3,53.0,90
1841,2.sp.subj_3,54.0,77
1842,2.sp.subj_3,55.0,452
1843,2.sp.subj_3,56.0,158
1844,2.sp.subj_3,57.0,314
1845,2.sp.subj_3,58.0,460
1846,2.sp.subj_3,59.0,285
1847,2.sp.subj_3,60.0,14
1848,2.sp.subj_3,61.0,1
1849,2.sp.subj_3,62.0,120
1850,2.sp.subj_3,63.0,402
1851,2.sp.subj_3,64.0,503
1852,2.sp.subj_3,65.0,321
1853,2.sp.subj_3,66.0,454
1854,2.sp.subj_3,67.0,165
1855,2.sp.subj_3,68.0,240
1856,2.sp.subj_3,69.0,108
1857,2.sp.subj_3,70.0,98
1858,2.sp.subj_3,71.0,163
1859,2.sp.subj_3,72.0,295
1860,2.sp.subj_3,73.0,1
1861,2.sp.subj_3,74.0,72
1862,2.sp.subj_3,75.0,41
1863,2.sp.subj_3,76.0,128
1864,2.sp.subj_3,77.0,135
1865,2.sp.subj_3,78.0,224
1866,2.sp.subj_3,79.0,63
1867,2.sp.subj_3,80.0,121
1868,2.sp.subj_3,81.0,109
1869,2.sp.subj_3,82.0,209
1870,2.sp.subj_3,83.0,225
1871,2.sp.subj_3,84.0,179
1872,2.sp.subj_3,85.0,259
1873,2.sp.subj_3,86.0,289
1874,2.sp.subj_3,87.0,135
1875,2.sp.subj_3,88.0,143
1876,2.sp.subj_3,89.0,57
1877,2.sp.subj_3,90.0,126
1878,2.sp.subj_3,91.0,97
1879,2.sp.subj_3,92.0,253
1880,2.sp.subj_3,93.0,80
1881,2.sp.subj_3,94.0,63
1882,2.sp.subj_3,95.0,99
1883,2.sp.subj_3,96.0,245
1884,2.sp.subj_3,97.0,167
1885,2.sp.subj_3,98.0,45
1886,2.sp.subj_3,99.0,103
1887,2.sp.subj_3,100.0,36
1888,2.sp.subj_3,101.0,209
1889,2.sp.subj_3,102.0,51
1890,2.sp.subj_3,103.0,84
1891,2.sp.subj_3,104.0,39
1892,2.sp.subj_4,28.0,68
1893,2.sp.subj_4,29.0,171
1894,2.sp.subj_4,30.0,137
1895,2.sp.subj_4,31.0,3
1896,2.sp.subj_4,34.0,4
1897,2.sp.subj_4,35.0,175
1898,2.sp.subj_4,36.0,359
1899,2.sp.subj_4,37.0,154
1900,2.sp.subj_4,38.0,313
1901,2.sp.subj_4,39.0,82
1902,2.sp.subj_4,40.0,229
1903,2.sp.subj_4,41.0,28
1904,2.sp.subj_4,42.0,43
1905,2.sp.subj_4,43.0,15
1906,2.sp.subj_4,44.0,42
1907,2.sp.subj_4,45.0,71
1908,2.sp.subj_4,46.0,29
1909,2.sp.subj_4,47.0,9
1910,2.sp.subj_4,48.0,58
1911,2.sp.subj_4,49.0,8
1912,2.sp.subj_4,50.0,24
1913,2.sp.subj_4,51.0,35
1914,2.sp.subj_4,52.0,28
1915,2.sp.subj_4,53.0,45
1916,2.sp.subj_4,54.0,24
1917,2.sp.subj_4,55.0,152
1918,2.sp.subj_4,56.0,83
1919,2.sp.subj_4,57.0,94
1920,2.sp.subj_4,58.0,76
1921,2.sp.subj_4,59.0,50
1922,2.sp.subj_4,60.0,4
1923,2.sp.subj_4,61.0,4
1924,2.sp.subj_4,62.0,15
1925,2.sp.subj_4,63.0,107
1926,2.sp.subj_4,64.0,93
1927,2.sp.subj_4,65.0,65
1928,2.sp.subj_4,66.0,138
1929,2.sp.subj_4,67.0,50
1930,2.sp.subj_4,68.0,48
1931,2.sp.subj_4,69.0,39
1932,2.sp.subj_4,70.0,27
1933,2.sp.subj_4,71.0,27
1934,2.sp.subj_4,72.0,60
1935,2.sp.subj_4,73.0,2
1936,2.sp.subj_4,74.0,30
1937,2.sp.subj_4,75.0,19
1938,2.sp.subj_4,76.0,42
1939,2.sp.subj_4,77.0,80
1940,2.sp.subj_4,78.0,61
1941,2.sp.subj_4,79.0,35
1942,2.sp.subj_4,80.0,56
1943,2.sp.subj_4,81.0,58
1944,2.sp.subj_4,82.0,98
1945,2.sp.subj_4,83.0,82
1946,2.sp.subj_4,84.0,93
1947,2.sp.subj_4,85.0,68
1948,2.sp.subj_4,86.0,150
1949,2.sp.subj_4,87.0,41
1950,2.sp.subj_4,88.0,51
1951,2.sp.subj_4,89.0,36
1952,2.sp.subj_4,90.0,54
1953,2.sp.subj_4,91.0,37
1954,2.sp.subj_4,92.0,75
1955,2.sp.subj_4,93.0,54
1956,2.sp.subj_4,94.0,29
1957,2.sp.subj_4,95.0,38
1958,2.sp.subj_4,96.0,145
1959,2.sp.subj_4,97.0,50
1960,2.sp.subj_4,98.0,28
1961,2.sp.subj_4,99.0,39
1962,2.sp.subj_4,100.0,14
1963,2.sp.subj_4,101.0,172
1964,2.sp.subj_4,102.0,24
1965,2.sp.subj_4,103.0,59
1966,2.sp.subj_4,104.0,17
1967,2.sp.subj_5,28.0,253
1968,2.sp.subj_5,29.0,289
1969,2.sp.subj_5,30.0,149
1970,2.sp.subj_5,31.0,84
1971,2.sp.subj_5,33.0,1
1972,2.sp.subj_5,34.0,62
1973,2.sp.subj_5,35.0,509
1974,2.sp.subj_5,36.0,1009
1975,2.sp.subj_5,37.0,353
1976,2.sp.subj_5,38.0,462
1977,2.sp.subj_5,39.0,248
1978,2.sp.subj_5,40.0,410
1979,2.sp.subj_5,41.0,22
1980,2.sp.subj_5,42.0,30
1981,2.sp.subj_5,43.0,1
1982,2.sp.subj_5,44.0,24
1983,2.sp.subj_5,45.0,105
1984,2.sp.subj_5,46.0,40
1985,2.sp.subj_5,47.0,17
1986,2.sp.subj_5,48.0,74
1987,2.sp.subj_5,49.0,14
1988,2.sp.subj_5,50.0,12
1989,2.sp.subj_5,51.0,83
1990,2.sp.subj_5,52.0,49
1991,2.sp.subj_5,53.0,43
1992,2.sp.subj_5,54.0,44
1993,2.sp.subj_5,55.0,291
1994,2.sp.subj_5,56.0,125
1995,2.sp.subj_5,57.0,226
1996,2.sp.subj_5,58.0,274
1997,2.sp.subj_5,59.0,175
1998,2.sp.subj_5,60.0,3
1999,2.sp.subj_5,61.0,3
2000,2.sp.subj_5,62.0,70
2001,2.sp.subj_5,63.0,275
2002,2.sp.subj_5,64.0,422
2003,2.sp.subj_5,65.0,203
2004,2.sp.subj_5,66.0,302
2005,2.sp.subj_5,67.0,194
2006,2.sp.subj_5,68.0,141
2007,2.sp.subj_5,69.0,127
2008,2.sp.subj_5,70.0,66
2009,2.sp.subj_5,71.0,63
2010,2.sp.subj_5,72.0,230
2011,2.sp.subj_5,74.0,38
2012,2.sp.subj_5,75.0,28
2013,2.sp.subj_5,76.0,91
2014,2.sp.subj_5,77.0,110
2015,2.sp.subj_5,78.0,165
2016,2.sp.subj_5,79.0,36
2017,2.sp.subj_5,80.0,135
2018,2.sp.subj_5,81.0,29
2019,2.sp.subj_5,82.0,94
2020,2.sp.subj_5,83.0,83
2021,2.sp.subj_5,84.0,144
2022,2.sp.subj_5,85.0,134
2023,2.sp.subj_5,86.0,80
2024,2.sp.subj_5,87.0,170
2025,2.sp.subj_5,88.0,87
2026,2.sp.subj_5,89.0,41
2027,2.sp.subj_5,90.0,112
2028,2.sp.subj_5,91.0,57
2029,2.sp.subj_5,92.0,248
2030,2.sp.subj_5,93.0,95
2031,2.sp.subj_5,94.0,18
2032,2.sp.subj_5,95.0,103
2033,2.sp.subj_5,96.0,217
2034,2.sp.subj_5,97.0,86
2035,2.sp.subj_5,98.0,9
2036,2.sp.subj_5,99.0,26
2037,2.sp.subj_5,100.0,17
2038,2.sp.subj_5,101.0,135
2039,2.sp.subj_5,102.0,23
2040,2.sp.subj_5,103.0,51
2041,2.sp.subj_5,104.0,9
2042,2.sp.subj_6,28.0,77
2043,2.sp.subj_6,29.0,131
2044,2.sp.subj_6,30.0,55
2045,2.sp.subj_6,31.0,11
2046,2.sp.subj_6,34.0,2
2047,2.sp.subj_6,35.0,228
2048,2.sp.subj_6,36.0,337
2049,2.sp.subj_6,37.0,99
2050,2.sp.subj_6,38.0,196
2051,2.sp.subj_6,39.0,124
2052,2.sp.subj_6,40.0,160
2053,2.sp.subj_6,41.0,26
2054,2.sp.subj_6,42.0,30
2055,2.sp.subj_6,43.0,20
2056,2.sp.subj_6,44.0,46
2057,2.sp.subj_6,45.0,65
2058,2.sp.subj_6,46.0,47
2059,2.sp.subj_6,47.0,32
2060,2.sp.subj_6,48.0,41
2061,2.sp.subj_6,49.0,30
2062,2.sp.subj_6,50.0,15
2063,2.sp.subj_6,51.0,29
2064,2.sp.subj_6,52.0,29
2065,2.sp.subj_6,53.0,36
2066,2.sp.subj_6,54.0,19
2067,2.sp.subj_6,55.0,108
2068,2.sp.subj_6,56.0,47
2069,2.sp.subj_6,57.0,115
2070,2.sp.subj_6,58.0,75
2071,2.sp.subj_6,59.0,113
2072,2.sp.subj_6,62.0,72
2073,2.sp.subj_6,63.0,121
2074,2.sp.subj_6,64.0,114
2075,2.sp.subj_6,65.0,86
2076,2.sp.subj_6,66.0,130
2077,2.sp.subj_6,67.0,75
2078,2.sp.subj_6,68.0,57
2079,2.sp.subj_6,69.0,24
2080,2.sp.subj_6,70.0,90
2081,2.sp.subj_6,71.0,32
2082,2.sp.subj_6,72.0,66
2083,2.sp.subj_6,74.0,23
2084,2.sp.subj_6,75.0,30
2085,2.sp.subj_6,76.0,36
2086,2.sp.subj_6,77.0,56
2087,2.sp.subj_6,78.0,75
2088,2.sp.subj_6,79.0,28
2089,2.sp.subj_6,80.0,134
2090,2.sp.subj_6,81.0,36
2091,2.sp.subj_6,82.0,140
2092,2.sp.subj_6,83.0,69
2093,2.sp.subj_6,84.0,112
2094,2.sp.subj_6,85.0,135
2095,2.sp.subj_6,86.0,105
2096,2.sp.subj_6,87.0,37
2097,2.sp.subj_6,88.0,75
2098,2.sp.subj_6,89.0,35
2099,2.sp.subj_6,90.0,50
2100,2.sp.subj_6,91.0,41
2101,2.sp.subj_6,92.0,67
2102,2.sp.subj_6,93.0,34
2103,2.sp.subj_6,94.0,34
2104,2.sp.subj_6,95.0,24
2105,2.sp.subj_6,96.0,105
2106,2.sp.subj_6,97.0,39
2107,2.sp.subj_6,98.0,28
2108,2.sp.subj_6,99.0,42
2109,2.sp.subj_6,100.0,20
2110,2.sp.subj_6,101.0,122
2111,2.sp.subj_6,102.0,62
2112,2.sp.subj_6,103.0,56
2113,2.sp.subj_6,104.0,27
2114,2.sp.subj_7,28.0,11
2115,2.sp.subj_7,29.0,4
2116,2.sp.subj_7,30.0,9
2117,2.sp.subj_7,35.0,23
2118,2.sp.subj_7,36.0,19
2119,2.sp.subj_7,37.0,25
2120,2.sp.subj_7,38.0,29
2121,2.sp.subj_7,39.0,12
2122,2.sp.subj_7,40.0,26
2123,2.sp.subj_7,41.0,6
2124,2.sp.subj_7,42.0,12
2125,2.sp.subj_7,43.0,3
2126,2.sp.subj_7,44.0,7
2127,2.sp.subj_7,45.0,10
2128,2.sp.subj_7,46.0,5
2129,2.sp.subj_7,47.0,11
2130,2.sp.subj_7,48.0,15
2131,2.sp.subj_7,49.0,9
2132,2.sp.subj_7,50.0,5
2133,2.sp.subj_7,51.0,8
2134,2.sp.subj_7,52.0,9
2135,2.sp.subj_7,53.0,9
2136,2.sp.subj_7,54.0,12
2137,2.sp.subj_7,55.0,23
2138,2.sp.subj_7,56.0,9
2139,2.sp.subj_7,57.0,7
2140,2.sp.subj_7,58.0,16
2141,2.sp.subj_7,59.0,19
2142,2.sp.subj_7,62.0,12
2143,2.sp.subj_7,63.0,21
2144,2.sp.subj_7,64.0,9
2145,2.sp.subj_7,65.0,15
2146,2.sp.subj_7,66.0,19
2147,2.sp.subj_7,67.0,17
2148,2.sp.subj_7,68.0,11
2149,2.sp.subj_7,69.0,7
2150,2.sp.subj_7,70.0,8
2151,2.sp.subj_7,71.0,7
2152,2.sp.subj_7,72.0,12
2153,2.sp.subj_7,74.0,5
2154,2.sp.subj_7,75.0,9
2155,2.sp.subj_7,76.0,15
2156,2.sp.subj_7,77.0,6
2157,2.sp.subj_7,78.0,18
2158,2.sp.subj_7,79.0,9
2159,2.sp.subj_7,80.0,5
2160,2.sp.subj_7,81.0,11
2161,2.sp.subj_7,82.0,10
2162,2.sp.subj_7,83.0,15
2163,2.sp.subj_7,84.0,14
2164,2.sp.subj_7,85.0,11
2165,2.sp.subj_7,86.0,15
2166,2.sp.subj_7,87.0,3
2167,2.sp.subj_7,88.0,5
2168,2.sp.subj_7,89.0,5
2169,2.sp.subj_7,90.0,8
2170,2.sp.subj_7,91.0,5
2171,2.sp.subj_7,92.0,18
2172,2.sp.subj_7,93.0,12
2173,2.sp.subj_7,94.0,5
2174,2.sp.subj_7,95.0,6
2175,2.sp.subj_7,96.0,24
2176,2.sp.subj_7,97.0,9
2177,2.sp.subj_7,98.0,8
2178,2.sp.subj_7,99.0,7
2179,2.sp.subj_7,100.0,4
2180,2.sp.subj_7,101.0,16
2181,2.sp.subj_7,102.0,9
2182,2.sp.subj_7,103.0,8
2183,2.sp.subj_7,104.0,8
